CREATE DATABASE  IF NOT EXISTS `identitymysqldatabase` /*!40100 DEFAULT CHARACTER SET utf8 */;
USE `identitymysqldatabase`;
-- MySQL dump 10.13  Distrib 5.7.9, for Win32 (AMD64)
--
-- Host: localhost    Database: identitymysqldatabase
-- ------------------------------------------------------
-- Server version	5.7.24-log

/*!40101 SET @OLD_CHARACTER_SET_CLIENT=@@CHARACTER_SET_CLIENT */;
/*!40101 SET @OLD_CHARACTER_SET_RESULTS=@@CHARACTER_SET_RESULTS */;
/*!40101 SET @OLD_COLLATION_CONNECTION=@@COLLATION_CONNECTION */;
/*!40101 SET NAMES utf8 */;
/*!40103 SET @OLD_TIME_ZONE=@@TIME_ZONE */;
/*!40103 SET TIME_ZONE='+00:00' */;
/*!40014 SET @OLD_UNIQUE_CHECKS=@@UNIQUE_CHECKS, UNIQUE_CHECKS=0 */;
/*!40014 SET @OLD_FOREIGN_KEY_CHECKS=@@FOREIGN_KEY_CHECKS, FOREIGN_KEY_CHECKS=0 */;
/*!40101 SET @OLD_SQL_MODE=@@SQL_MODE, SQL_MODE='NO_AUTO_VALUE_ON_ZERO' */;
/*!40111 SET @OLD_SQL_NOTES=@@SQL_NOTES, SQL_NOTES=0 */;

--
-- Table structure for table `operaciones`
--

DROP TABLE IF EXISTS `operaciones`;
/*!40101 SET @saved_cs_client     = @@character_set_client */;
/*!40101 SET character_set_client = utf8 */;
CREATE TABLE `operaciones` (
  `Id` int(32) NOT NULL AUTO_INCREMENT,
  `nombre` varchar(100) NOT NULL,
  `NombreIlustrativo` varchar(200) DEFAULT NULL,
  PRIMARY KEY (`Id`),
  UNIQUE KEY `Id_UNIQUE` (`Id`)
) ENGINE=InnoDB AUTO_INCREMENT=76 DEFAULT CHARSET=utf8;
/*!40101 SET character_set_client = @saved_cs_client */;

--
-- Dumping data for table `operaciones`
--

LOCK TABLES `operaciones` WRITE;
/*!40000 ALTER TABLE `operaciones` DISABLE KEYS */;
INSERT INTO `operaciones` VALUES (1,'Leer','Leer'),(2,'Crear','Crear'),(3,'Modificar','Modificar'),(4,'Borrar','Borrar'),(5,'CrearFacturaAntigua','Crear Factura Antigua'),(6,'ReporteDeVentas','Reporte De Ventas'),(7,'ReporteCxC','Reporte CxC'),(8,'ReporteAvanzado','Reporte Avanzado'),(9,'ReporteCxP','Reporte CxP'),(10,'InventarioAlmacenes','Inventario Almacenes'),(11,'RegistrarSalidas','Registrar Salidas'),(12,'ImprimirDevolucion','Imprimir Devolucion'),(13,'RegistrarEntradas','Registrar Entradas'),(14,'ImprimirEntrada','Imprimir Entrada'),(15,'MovimientosProducto','Movimientos Producto'),(16,'ImprimirTransferencia','Imprimir Transferencia'),(17,'CambiarContrasena','Cambiar Contrasena'),(18,'IngresarDevolucionCliente','Ingresar Devolucion Cliente'),(19,'RegistrarTransferencias','Registrar Transferencias'),(20,'AplicarPagos','Aplicar Pagos'),(21,'CrearFacturaAntigua','Crear Factura Antigua'),(22,'AplicarPagos','Aplicar Pagos'),(23,'*','Todas'),(24,'LeerTodos','Leer Todos'),(25,'LeerPorId','Leer Por Id'),(26,'LeerPaginadoBasico','Leer Paginado Basico'),(27,'LeerPaginadoPorActivos','Leer Paginado Por Activos'),(28,'LeerPaginadoAvanzado','Leer Paginado Avanzado'),(29,'LeerPorFiltro','Leer Por Filtro'),(30,'AsignarRoleUsuario','Asignar Rol Usuario'),(31,'FacturarCotizacion','Facturar Cotizacion'),(32,'LeerProductoEnLocalidad','Leer Producto En Localidad'),(33,'cerrarCaja','Cerrar Caja'),(34,'productosFiltrados','Listado de precios'),(35,'ClientesFiltrados','Listado de clientes'),(36,'InventarioAlmacenes','Inventario Almacenes'),(37,'Mantenimiento','Mantenimiento'),(38,'Mantenimiento-Clientes','Mantenimiento-Clientes'),(39,'Mantenimiento-Productos','Mantenimiento-Productos'),(40,'Mantenimiento-Suplidores','Mantenimiento-Suplidores'),(41,'Mantenimiento-Almacenes','Mantenimiento-Almacenes'),(42,'Mantenimiento-Impuestos','Mantenimiento-Impuestos'),(43,'Mantenimiento-Localidades','Mantenimiento-Localidades'),(44,'Mantenimiento-Monedas','Mantenimiento-Monedas'),(45,'Mantenimiento-Unidades','Mantenimiento-Unidades'),(46,'Mantenimiento-ControlNCF','Mantenimiento-ControlNCF'),(47,'Cajas','Cajas'),(48,'Cajas-Mantenimiento','Cajas-Mantenimiento'),(49,'Cajas-AperturaCierre','Cajas-AperturaCierre'),(50,'Facturacion','Facturacion'),(51,'Facturacion-Cotizaciones','Facturacion-Cotizaciones'),(52,'Facturacion-Facturas','Facturacion-Facturas'),(53,'Facturacion-Pagos','Facturacion-Pagos'),(54,'Gastos','Gastos'),(55,'Gastos-Gastos','Gastos-Gastos'),(56,'Gastos-Pagos','Gastos-Pagos'),(57,'Reportes','Reportes'),(58,'Reportes-ReporteVentas','Reportes-ReporteVentas'),(59,'Reportes-CxCGeneral','Reportes-CxCGeneral'),(60,'Reportes-ReporteInventario','Reportes-ReporteInventario'),(61,'Reportes-movimientosProducto','Reportes-movimientosProducto'),(62,'Reportes-reporteCxP','Reportes-reporteCxP'),(63,'Reportes-listadoPrecios','Reportes-listadoPrecios'),(64,'Reportes-listadoClientes','Reportes-listadoClientes'),(65,'Movimientos','Movimientos'),(66,'Movimientos-MovimientoEntrada','Movimientos-MovimientoEntrada'),(67,'Movimientos-TransferenciaAlmacen','Movimientos-TransferenciaAlmacen'),(68,'Movimientos-DevolucionCliente','Movimientos-DevolucionCliente'),(69,'Movimientos-MovimientoDevolucion','Movimientos-MovimientoDevolucion'),(70,'Usuarios','Usuarios'),(71,'Usuarios-Usuarios','Usuarios-Usuarios'),(72,'Usuarios-Roles','Usuarios-Roles'),(73,'Reportes-estadoCuentaClientes','Reporte Estado de Cuenta'),(74,'EstadoCuenta','Estado de Cuenta');
/*!40000 ALTER TABLE `operaciones` ENABLE KEYS */;
UNLOCK TABLES;

--
-- Table structure for table `roles`
--

DROP TABLE IF EXISTS `roles`;
/*!40101 SET @saved_cs_client     = @@character_set_client */;
/*!40101 SET character_set_client = utf8 */;
CREATE TABLE `roles` (
  `Id` int(32) NOT NULL AUTO_INCREMENT,
  `Name` varchar(256) NOT NULL,
  `Activo` bit(1) NOT NULL DEFAULT b'0',
  PRIMARY KEY (`Id`),
  UNIQUE KEY `Id_UNIQUE` (`Id`)
) ENGINE=InnoDB AUTO_INCREMENT=35 DEFAULT CHARSET=utf8;
/*!40101 SET character_set_client = @saved_cs_client */;

--
-- Dumping data for table `roles`
--

LOCK TABLES `roles` WRITE;
/*!40000 ALTER TABLE `roles` DISABLE KEYS */;
INSERT INTO `roles` VALUES (1,'Mantenimiento-Clientes',''),(2,'Mantenimiento-Productos',''),(3,'Mantenimiento-Suplidores',''),(4,'Mantenimiento-Almacenes',''),(5,'Mantenimiento-Impuestos',''),(6,'Mantenimiento-Localidades',''),(7,'Mantenimiento-Monedas',''),(8,'Mantenimiento-Unidades',''),(9,'Mantenimiento-NCF',''),(10,'Facturacion-Cotizaciones',''),(11,'Facturacion-Facturas',''),(12,'Facturacion-Pagos',''),(13,'Gastos-Ingreso',''),(14,'Gastos-Pagos',''),(15,'test',''),(16,'Mantenimiento-Cajas',''),(17,'Apertura-Cierre-Cajas',''),(18,'Reporte-Ventas',''),(19,'Reporte-CXC',''),(21,'Reporte-Existencia',''),(22,'Reporte-Movimientos',''),(25,'Reporte-CXP',''),(26,'Reporte-Clientes',''),(27,'Reporte-Precios',''),(28,'Movimiento-Entrada-Inventario',''),(29,'Movimiento-Transferencia-Almacenes',''),(30,'Movimiento-Devolucion-Cliente',''),(31,'Movimiento-Devolucion',''),(32,'Admin-Usuarios',''),(33,'Admin-Roles',''),(34,'Reporte-Estado-Cuenta','');
/*!40000 ALTER TABLE `roles` ENABLE KEYS */;
UNLOCK TABLES;

--
-- Table structure for table `roleseccion`
--

DROP TABLE IF EXISTS `roleseccion`;
/*!40101 SET @saved_cs_client     = @@character_set_client */;
/*!40101 SET character_set_client = utf8 */;
CREATE TABLE `roleseccion` (
  `Id` int(32) NOT NULL AUTO_INCREMENT,
  `RoleId` int(32) NOT NULL,
  `PermisosJson` json NOT NULL,
  `Activo` bit(1) NOT NULL DEFAULT b'0',
  PRIMARY KEY (`Id`),
  UNIQUE KEY `Id_UNIQUE` (`Id`),
  KEY `roleseccion_Roles` (`RoleId`),
  CONSTRAINT `roleseccion_Roles` FOREIGN KEY (`RoleId`) REFERENCES `roles` (`Id`) ON DELETE CASCADE
) ENGINE=InnoDB AUTO_INCREMENT=34 DEFAULT CHARSET=utf8;
/*!40101 SET character_set_client = @saved_cs_client */;

--
-- Dumping data for table `roleseccion`
--

LOCK TABLES `roleseccion` WRITE;
/*!40000 ALTER TABLE `roleseccion` DISABLE KEYS */;
INSERT INTO `roleseccion` VALUES (1,1,'[{\"seccion\": {\"id\": 10, \"nombre\": \"Cliente\"}, \"operaciones\": [{\"id\": 171, \"seccionId\": 10, \"operacionId\": 28, \"nombreSeccion\": \"Cliente\", \"operacionNombre\": \"LeerPaginadoAvanzado\", \"operacionNombreIlustrativo\": \"Leer Paginado Avanzado\"}, {\"id\": 91, \"seccionId\": 10, \"operacionId\": 24, \"nombreSeccion\": \"Cliente\", \"operacionNombre\": \"LeerTodos\", \"operacionNombreIlustrativo\": \"Leer Todos\"}, {\"id\": 41, \"seccionId\": 10, \"operacionId\": 1, \"nombreSeccion\": \"Cliente\", \"operacionNombre\": \"Leer\", \"operacionNombreIlustrativo\": \"Leer\"}, {\"id\": 42, \"seccionId\": 10, \"operacionId\": 2, \"nombreSeccion\": \"Cliente\", \"operacionNombre\": \"Crear\", \"operacionNombreIlustrativo\": \"Crear\"}, {\"id\": 111, \"seccionId\": 10, \"operacionId\": 25, \"nombreSeccion\": \"Cliente\", \"operacionNombre\": \"LeerPorId\", \"operacionNombreIlustrativo\": \"Leer Por Id\"}, {\"id\": 43, \"seccionId\": 10, \"operacionId\": 3, \"nombreSeccion\": \"Cliente\", \"operacionNombre\": \"Modificar\", \"operacionNombreIlustrativo\": \"Modificar\"}, {\"id\": 131, \"seccionId\": 10, \"operacionId\": 26, \"nombreSeccion\": \"Cliente\", \"operacionNombre\": \"LeerPaginadoBasico\", \"operacionNombreIlustrativo\": \"Leer Paginado Basico\"}, {\"id\": 151, \"seccionId\": 10, \"operacionId\": 27, \"nombreSeccion\": \"Cliente\", \"operacionNombre\": \"LeerPaginadoPorActivos\", \"operacionNombreIlustrativo\": \"Leer Paginado Por Activos\"}, {\"id\": 44, \"seccionId\": 10, \"operacionId\": 4, \"nombreSeccion\": \"Cliente\", \"operacionNombre\": \"Borrar\", \"operacionNombreIlustrativo\": \"Borrar\"}]}, {\"seccion\": {\"id\": 11, \"nombre\": \"Almacen\"}, \"operaciones\": [{\"id\": 45, \"seccionId\": 11, \"operacionId\": 1, \"nombreSeccion\": \"Almacen\", \"operacionNombre\": \"Leer\", \"operacionNombreIlustrativo\": \"Leer\"}, {\"id\": 92, \"seccionId\": 11, \"operacionId\": 24, \"nombreSeccion\": \"Almacen\", \"operacionNombre\": \"LeerTodos\", \"operacionNombreIlustrativo\": \"Leer Todos\"}, {\"id\": 112, \"seccionId\": 11, \"operacionId\": 25, \"nombreSeccion\": \"Almacen\", \"operacionNombre\": \"LeerPorId\", \"operacionNombreIlustrativo\": \"Leer Por Id\"}]}, {\"seccion\": {\"id\": 14, \"nombre\": \"ControlNCF\"}, \"operaciones\": [{\"id\": 49, \"seccionId\": 14, \"operacionId\": 1, \"nombreSeccion\": \"ControlNCF\", \"operacionNombre\": \"Leer\", \"operacionNombreIlustrativo\": \"Leer\"}, {\"id\": 95, \"seccionId\": 14, \"operacionId\": 24, \"nombreSeccion\": \"ControlNCF\", \"operacionNombre\": \"LeerTodos\", \"operacionNombreIlustrativo\": \"Leer Todos\"}, {\"id\": 115, \"seccionId\": 14, \"operacionId\": 25, \"nombreSeccion\": \"ControlNCF\", \"operacionNombre\": \"LeerPorId\", \"operacionNombreIlustrativo\": \"Leer Por Id\"}]}, {\"seccion\": {\"id\": 6, \"nombre\": \"Moneda\"}, \"operaciones\": [{\"id\": 25, \"seccionId\": 6, \"operacionId\": 1, \"nombreSeccion\": \"Moneda\", \"operacionNombre\": \"Leer\", \"operacionNombreIlustrativo\": \"Leer\"}, {\"id\": 88, \"seccionId\": 6, \"operacionId\": 24, \"nombreSeccion\": \"Moneda\", \"operacionNombre\": \"LeerTodos\", \"operacionNombreIlustrativo\": \"Leer Todos\"}, {\"id\": 108, \"seccionId\": 6, \"operacionId\": 25, \"nombreSeccion\": \"Moneda\", \"operacionNombre\": \"LeerPorId\", \"operacionNombreIlustrativo\": \"Leer Por Id\"}]}, {\"seccion\": {\"id\": 38, \"nombre\": \"Menu\"}, \"operaciones\": [{\"id\": 359, \"seccionId\": 38, \"operacionId\": 37, \"nombreSeccion\": \"Menu\", \"operacionNombre\": \"Mantenimiento\", \"operacionNombreIlustrativo\": \"Mantenimiento\"}, {\"id\": 360, \"seccionId\": 38, \"operacionId\": 38, \"nombreSeccion\": \"Menu\", \"operacionNombre\": \"Mantenimiento-Clientes\", \"operacionNombreIlustrativo\": \"Mantenimiento-Clientes\"}]}]',''),(2,6,'[{\"seccion\": {\"id\": 16, \"nombre\": \"Localidad\"}, \"operaciones\": [{\"id\": 58, \"seccionId\": 16, \"operacionId\": 1, \"nombreSeccion\": \"Localidad\", \"operacionNombre\": \"Leer\", \"operacionNombreIlustrativo\": \"Leer\"}, {\"id\": 59, \"seccionId\": 16, \"operacionId\": 2, \"nombreSeccion\": \"Localidad\", \"operacionNombre\": \"Crear\", \"operacionNombreIlustrativo\": \"Crear\"}, {\"id\": 60, \"seccionId\": 16, \"operacionId\": 3, \"nombreSeccion\": \"Localidad\", \"operacionNombre\": \"Modificar\", \"operacionNombreIlustrativo\": \"Modificar\"}, {\"id\": 61, \"seccionId\": 16, \"operacionId\": 4, \"nombreSeccion\": \"Localidad\", \"operacionNombre\": \"Borrar\", \"operacionNombreIlustrativo\": \"Borrar\"}, {\"id\": 97, \"seccionId\": 16, \"operacionId\": 24, \"nombreSeccion\": \"Localidad\", \"operacionNombre\": \"LeerTodos\", \"operacionNombreIlustrativo\": \"Leer Todos\"}, {\"id\": 117, \"seccionId\": 16, \"operacionId\": 25, \"nombreSeccion\": \"Localidad\", \"operacionNombre\": \"LeerPorId\", \"operacionNombreIlustrativo\": \"Leer Por Id\"}, {\"id\": 137, \"seccionId\": 16, \"operacionId\": 26, \"nombreSeccion\": \"Localidad\", \"operacionNombre\": \"LeerPaginadoBasico\", \"operacionNombreIlustrativo\": \"Leer Paginado Basico\"}, {\"id\": 157, \"seccionId\": 16, \"operacionId\": 27, \"nombreSeccion\": \"Localidad\", \"operacionNombre\": \"LeerPaginadoPorActivos\", \"operacionNombreIlustrativo\": \"Leer Paginado Por Activos\"}, {\"id\": 177, \"seccionId\": 16, \"operacionId\": 28, \"nombreSeccion\": \"Localidad\", \"operacionNombre\": \"LeerPaginadoAvanzado\", \"operacionNombreIlustrativo\": \"Leer Paginado Avanzado\"}]}, {\"seccion\": {\"id\": 38, \"nombre\": \"Menu\"}, \"operaciones\": [{\"id\": 359, \"seccionId\": 38, \"operacionId\": 37, \"nombreSeccion\": \"Menu\", \"operacionNombre\": \"Mantenimiento\", \"operacionNombreIlustrativo\": \"Mantenimiento\"}, {\"id\": 365, \"seccionId\": 38, \"operacionId\": 43, \"nombreSeccion\": \"Menu\", \"operacionNombre\": \"Mantenimiento-Localidades\", \"operacionNombreIlustrativo\": \"Mantenimiento-Localidades\"}]}]',''),(3,3,'[{\"seccion\": {\"id\": 20, \"nombre\": \"Suplidor\"}, \"operaciones\": [{\"id\": 67, \"seccionId\": 20, \"operacionId\": 1, \"nombreSeccion\": \"Suplidor\", \"operacionNombre\": \"Leer\", \"operacionNombreIlustrativo\": \"Leer\"}, {\"id\": 100, \"seccionId\": 20, \"operacionId\": 24, \"nombreSeccion\": \"Suplidor\", \"operacionNombre\": \"LeerTodos\", \"operacionNombreIlustrativo\": \"Leer Todos\"}, {\"id\": 180, \"seccionId\": 20, \"operacionId\": 28, \"nombreSeccion\": \"Suplidor\", \"operacionNombre\": \"LeerPaginadoAvanzado\", \"operacionNombreIlustrativo\": \"Leer Paginado Avanzado\"}, {\"id\": 120, \"seccionId\": 20, \"operacionId\": 25, \"nombreSeccion\": \"Suplidor\", \"operacionNombre\": \"LeerPorId\", \"operacionNombreIlustrativo\": \"Leer Por Id\"}, {\"id\": 68, \"seccionId\": 20, \"operacionId\": 2, \"nombreSeccion\": \"Suplidor\", \"operacionNombre\": \"Crear\", \"operacionNombreIlustrativo\": \"Crear\"}, {\"id\": 69, \"seccionId\": 20, \"operacionId\": 3, \"nombreSeccion\": \"Suplidor\", \"operacionNombre\": \"Modificar\", \"operacionNombreIlustrativo\": \"Modificar\"}, {\"id\": 140, \"seccionId\": 20, \"operacionId\": 26, \"nombreSeccion\": \"Suplidor\", \"operacionNombre\": \"LeerPaginadoBasico\", \"operacionNombreIlustrativo\": \"Leer Paginado Basico\"}, {\"id\": 160, \"seccionId\": 20, \"operacionId\": 27, \"nombreSeccion\": \"Suplidor\", \"operacionNombre\": \"LeerPaginadoPorActivos\", \"operacionNombreIlustrativo\": \"Leer Paginado Por Activos\"}, {\"id\": 70, \"seccionId\": 20, \"operacionId\": 4, \"nombreSeccion\": \"Suplidor\", \"operacionNombre\": \"Borrar\", \"operacionNombreIlustrativo\": \"Borrar\"}]}, {\"seccion\": {\"id\": 38, \"nombre\": \"Menu\"}, \"operaciones\": [{\"id\": 359, \"seccionId\": 38, \"operacionId\": 37, \"nombreSeccion\": \"Menu\", \"operacionNombre\": \"Mantenimiento\", \"operacionNombreIlustrativo\": \"Mantenimiento\"}, {\"id\": 362, \"seccionId\": 38, \"operacionId\": 40, \"nombreSeccion\": \"Menu\", \"operacionNombre\": \"Mantenimiento-Suplidores\", \"operacionNombreIlustrativo\": \"Mantenimiento-Suplidores\"}]}]',''),(4,4,'[{\"seccion\": {\"id\": 11, \"nombre\": \"Almacen\"}, \"operaciones\": [{\"id\": 45, \"seccionId\": 11, \"operacionId\": 1, \"nombreSeccion\": \"Almacen\", \"operacionNombre\": \"Leer\", \"operacionNombreIlustrativo\": \"Leer\"}, {\"id\": 46, \"seccionId\": 11, \"operacionId\": 2, \"nombreSeccion\": \"Almacen\", \"operacionNombre\": \"Crear\", \"operacionNombreIlustrativo\": \"Crear\"}, {\"id\": 47, \"seccionId\": 11, \"operacionId\": 3, \"nombreSeccion\": \"Almacen\", \"operacionNombre\": \"Modificar\", \"operacionNombreIlustrativo\": \"Modificar\"}, {\"id\": 48, \"seccionId\": 11, \"operacionId\": 4, \"nombreSeccion\": \"Almacen\", \"operacionNombre\": \"Borrar\", \"operacionNombreIlustrativo\": \"Borrar\"}, {\"id\": 92, \"seccionId\": 11, \"operacionId\": 24, \"nombreSeccion\": \"Almacen\", \"operacionNombre\": \"LeerTodos\", \"operacionNombreIlustrativo\": \"Leer Todos\"}, {\"id\": 112, \"seccionId\": 11, \"operacionId\": 25, \"nombreSeccion\": \"Almacen\", \"operacionNombre\": \"LeerPorId\", \"operacionNombreIlustrativo\": \"Leer Por Id\"}, {\"id\": 132, \"seccionId\": 11, \"operacionId\": 26, \"nombreSeccion\": \"Almacen\", \"operacionNombre\": \"LeerPaginadoBasico\", \"operacionNombreIlustrativo\": \"Leer Paginado Basico\"}, {\"id\": 152, \"seccionId\": 11, \"operacionId\": 27, \"nombreSeccion\": \"Almacen\", \"operacionNombre\": \"LeerPaginadoPorActivos\", \"operacionNombreIlustrativo\": \"Leer Paginado Por Activos\"}, {\"id\": 172, \"seccionId\": 11, \"operacionId\": 28, \"nombreSeccion\": \"Almacen\", \"operacionNombre\": \"LeerPaginadoAvanzado\", \"operacionNombreIlustrativo\": \"Leer Paginado Avanzado\"}]}, {\"seccion\": {\"id\": 16, \"nombre\": \"Localidad\"}, \"operaciones\": [{\"id\": 58, \"seccionId\": 16, \"operacionId\": 1, \"nombreSeccion\": \"Localidad\", \"operacionNombre\": \"Leer\", \"operacionNombreIlustrativo\": \"Leer\"}, {\"id\": 97, \"seccionId\": 16, \"operacionId\": 24, \"nombreSeccion\": \"Localidad\", \"operacionNombre\": \"LeerTodos\", \"operacionNombreIlustrativo\": \"Leer Todos\"}, {\"id\": 117, \"seccionId\": 16, \"operacionId\": 25, \"nombreSeccion\": \"Localidad\", \"operacionNombre\": \"LeerPorId\", \"operacionNombreIlustrativo\": \"Leer Por Id\"}]}, {\"seccion\": {\"id\": 38, \"nombre\": \"Menu\"}, \"operaciones\": [{\"id\": 359, \"seccionId\": 38, \"operacionId\": 37, \"nombreSeccion\": \"Menu\", \"operacionNombre\": \"Mantenimiento\", \"operacionNombreIlustrativo\": \"Mantenimiento\"}, {\"id\": 363, \"seccionId\": 38, \"operacionId\": 41, \"nombreSeccion\": \"Menu\", \"operacionNombre\": \"Mantenimiento-Almacenes\", \"operacionNombreIlustrativo\": \"Mantenimiento-Almacenes\"}]}]',''),(5,5,'[{\"seccion\": {\"id\": 7, \"nombre\": \"Impuesto\"}, \"operaciones\": [{\"id\": 29, \"seccionId\": 7, \"operacionId\": 1, \"nombreSeccion\": \"Impuesto\", \"operacionNombre\": \"Leer\", \"operacionNombreIlustrativo\": \"Leer\"}, {\"id\": 30, \"seccionId\": 7, \"operacionId\": 2, \"nombreSeccion\": \"Impuesto\", \"operacionNombre\": \"Crear\", \"operacionNombreIlustrativo\": \"Crear\"}, {\"id\": 31, \"seccionId\": 7, \"operacionId\": 3, \"nombreSeccion\": \"Impuesto\", \"operacionNombre\": \"Modificar\", \"operacionNombreIlustrativo\": \"Modificar\"}, {\"id\": 32, \"seccionId\": 7, \"operacionId\": 4, \"nombreSeccion\": \"Impuesto\", \"operacionNombre\": \"Borrar\", \"operacionNombreIlustrativo\": \"Borrar\"}, {\"id\": 89, \"seccionId\": 7, \"operacionId\": 24, \"nombreSeccion\": \"Impuesto\", \"operacionNombre\": \"LeerTodos\", \"operacionNombreIlustrativo\": \"Leer Todos\"}, {\"id\": 109, \"seccionId\": 7, \"operacionId\": 25, \"nombreSeccion\": \"Impuesto\", \"operacionNombre\": \"LeerPorId\", \"operacionNombreIlustrativo\": \"Leer Por Id\"}, {\"id\": 129, \"seccionId\": 7, \"operacionId\": 26, \"nombreSeccion\": \"Impuesto\", \"operacionNombre\": \"LeerPaginadoBasico\", \"operacionNombreIlustrativo\": \"Leer Paginado Basico\"}, {\"id\": 149, \"seccionId\": 7, \"operacionId\": 27, \"nombreSeccion\": \"Impuesto\", \"operacionNombre\": \"LeerPaginadoPorActivos\", \"operacionNombreIlustrativo\": \"Leer Paginado Por Activos\"}, {\"id\": 169, \"seccionId\": 7, \"operacionId\": 28, \"nombreSeccion\": \"Impuesto\", \"operacionNombre\": \"LeerPaginadoAvanzado\", \"operacionNombreIlustrativo\": \"Leer Paginado Avanzado\"}]}, {\"seccion\": {\"id\": 38, \"nombre\": \"Menu\"}, \"operaciones\": [{\"id\": 359, \"seccionId\": 38, \"operacionId\": 37, \"nombreSeccion\": \"Menu\", \"operacionNombre\": \"Mantenimiento\", \"operacionNombreIlustrativo\": \"Mantenimiento\"}, {\"id\": 364, \"seccionId\": 38, \"operacionId\": 42, \"nombreSeccion\": \"Menu\", \"operacionNombre\": \"Mantenimiento-Impuestos\", \"operacionNombreIlustrativo\": \"Mantenimiento-Impuestos\"}]}]',''),(6,7,'[{\"seccion\": {\"id\": 6, \"nombre\": \"Moneda\"}, \"operaciones\": [{\"id\": 25, \"seccionId\": 6, \"operacionId\": 1, \"nombreSeccion\": \"Moneda\", \"operacionNombre\": \"Leer\", \"operacionNombreIlustrativo\": \"Leer\"}, {\"id\": 26, \"seccionId\": 6, \"operacionId\": 2, \"nombreSeccion\": \"Moneda\", \"operacionNombre\": \"Crear\", \"operacionNombreIlustrativo\": \"Crear\"}, {\"id\": 27, \"seccionId\": 6, \"operacionId\": 3, \"nombreSeccion\": \"Moneda\", \"operacionNombre\": \"Modificar\", \"operacionNombreIlustrativo\": \"Modificar\"}, {\"id\": 28, \"seccionId\": 6, \"operacionId\": 4, \"nombreSeccion\": \"Moneda\", \"operacionNombre\": \"Borrar\", \"operacionNombreIlustrativo\": \"Borrar\"}, {\"id\": 88, \"seccionId\": 6, \"operacionId\": 24, \"nombreSeccion\": \"Moneda\", \"operacionNombre\": \"LeerTodos\", \"operacionNombreIlustrativo\": \"Leer Todos\"}, {\"id\": 108, \"seccionId\": 6, \"operacionId\": 25, \"nombreSeccion\": \"Moneda\", \"operacionNombre\": \"LeerPorId\", \"operacionNombreIlustrativo\": \"Leer Por Id\"}, {\"id\": 128, \"seccionId\": 6, \"operacionId\": 26, \"nombreSeccion\": \"Moneda\", \"operacionNombre\": \"LeerPaginadoBasico\", \"operacionNombreIlustrativo\": \"Leer Paginado Basico\"}, {\"id\": 148, \"seccionId\": 6, \"operacionId\": 27, \"nombreSeccion\": \"Moneda\", \"operacionNombre\": \"LeerPaginadoPorActivos\", \"operacionNombreIlustrativo\": \"Leer Paginado Por Activos\"}, {\"id\": 168, \"seccionId\": 6, \"operacionId\": 28, \"nombreSeccion\": \"Moneda\", \"operacionNombre\": \"LeerPaginadoAvanzado\", \"operacionNombreIlustrativo\": \"Leer Paginado Avanzado\"}]}, {\"seccion\": {\"id\": 38, \"nombre\": \"Menu\"}, \"operaciones\": [{\"id\": 359, \"seccionId\": 38, \"operacionId\": 37, \"nombreSeccion\": \"Menu\", \"operacionNombre\": \"Mantenimiento\", \"operacionNombreIlustrativo\": \"Mantenimiento\"}, {\"id\": 366, \"seccionId\": 38, \"operacionId\": 44, \"nombreSeccion\": \"Menu\", \"operacionNombre\": \"Mantenimiento-Monedas\", \"operacionNombreIlustrativo\": \"Mantenimiento-Monedas\"}]}]',''),(7,8,'[{\"seccion\": {\"id\": 22, \"nombre\": \"Unidades\"}, \"operaciones\": [{\"id\": 75, \"seccionId\": 22, \"operacionId\": 1, \"nombreSeccion\": \"Unidades\", \"operacionNombre\": \"Leer\", \"operacionNombreIlustrativo\": \"Leer\"}, {\"id\": 76, \"seccionId\": 22, \"operacionId\": 2, \"nombreSeccion\": \"Unidades\", \"operacionNombre\": \"Crear\", \"operacionNombreIlustrativo\": \"Crear\"}, {\"id\": 77, \"seccionId\": 22, \"operacionId\": 3, \"nombreSeccion\": \"Unidades\", \"operacionNombre\": \"Modificar\", \"operacionNombreIlustrativo\": \"Modificar\"}, {\"id\": 78, \"seccionId\": 22, \"operacionId\": 4, \"nombreSeccion\": \"Unidades\", \"operacionNombre\": \"Borrar\", \"operacionNombreIlustrativo\": \"Borrar\"}, {\"id\": 102, \"seccionId\": 22, \"operacionId\": 24, \"nombreSeccion\": \"Unidades\", \"operacionNombre\": \"LeerTodos\", \"operacionNombreIlustrativo\": \"Leer Todos\"}, {\"id\": 122, \"seccionId\": 22, \"operacionId\": 25, \"nombreSeccion\": \"Unidades\", \"operacionNombre\": \"LeerPorId\", \"operacionNombreIlustrativo\": \"Leer Por Id\"}, {\"id\": 142, \"seccionId\": 22, \"operacionId\": 26, \"nombreSeccion\": \"Unidades\", \"operacionNombre\": \"LeerPaginadoBasico\", \"operacionNombreIlustrativo\": \"Leer Paginado Basico\"}, {\"id\": 162, \"seccionId\": 22, \"operacionId\": 27, \"nombreSeccion\": \"Unidades\", \"operacionNombre\": \"LeerPaginadoPorActivos\", \"operacionNombreIlustrativo\": \"Leer Paginado Por Activos\"}, {\"id\": 182, \"seccionId\": 22, \"operacionId\": 28, \"nombreSeccion\": \"Unidades\", \"operacionNombre\": \"LeerPaginadoAvanzado\", \"operacionNombreIlustrativo\": \"Leer Paginado Avanzado\"}]}, {\"seccion\": {\"id\": 38, \"nombre\": \"Menu\"}, \"operaciones\": [{\"id\": 359, \"seccionId\": 38, \"operacionId\": 37, \"nombreSeccion\": \"Menu\", \"operacionNombre\": \"Mantenimiento\", \"operacionNombreIlustrativo\": \"Mantenimiento\"}, {\"id\": 367, \"seccionId\": 38, \"operacionId\": 45, \"nombreSeccion\": \"Menu\", \"operacionNombre\": \"Mantenimiento-Unidades\", \"operacionNombreIlustrativo\": \"Mantenimiento-Unidades\"}]}]',''),(8,9,'[{\"seccion\": {\"id\": 14, \"nombre\": \"ControlNCF\"}, \"operaciones\": [{\"id\": 49, \"seccionId\": 14, \"operacionId\": 1, \"nombreSeccion\": \"ControlNCF\", \"operacionNombre\": \"Leer\", \"operacionNombreIlustrativo\": \"Leer\"}, {\"id\": 50, \"seccionId\": 14, \"operacionId\": 2, \"nombreSeccion\": \"ControlNCF\", \"operacionNombre\": \"Crear\", \"operacionNombreIlustrativo\": \"Crear\"}, {\"id\": 51, \"seccionId\": 14, \"operacionId\": 3, \"nombreSeccion\": \"ControlNCF\", \"operacionNombre\": \"Modificar\", \"operacionNombreIlustrativo\": \"Modificar\"}, {\"id\": 52, \"seccionId\": 14, \"operacionId\": 4, \"nombreSeccion\": \"ControlNCF\", \"operacionNombre\": \"Borrar\", \"operacionNombreIlustrativo\": \"Borrar\"}, {\"id\": 95, \"seccionId\": 14, \"operacionId\": 24, \"nombreSeccion\": \"ControlNCF\", \"operacionNombre\": \"LeerTodos\", \"operacionNombreIlustrativo\": \"Leer Todos\"}, {\"id\": 115, \"seccionId\": 14, \"operacionId\": 25, \"nombreSeccion\": \"ControlNCF\", \"operacionNombre\": \"LeerPorId\", \"operacionNombreIlustrativo\": \"Leer Por Id\"}, {\"id\": 135, \"seccionId\": 14, \"operacionId\": 26, \"nombreSeccion\": \"ControlNCF\", \"operacionNombre\": \"LeerPaginadoBasico\", \"operacionNombreIlustrativo\": \"Leer Paginado Basico\"}, {\"id\": 155, \"seccionId\": 14, \"operacionId\": 27, \"nombreSeccion\": \"ControlNCF\", \"operacionNombre\": \"LeerPaginadoPorActivos\", \"operacionNombreIlustrativo\": \"Leer Paginado Por Activos\"}, {\"id\": 175, \"seccionId\": 14, \"operacionId\": 28, \"nombreSeccion\": \"ControlNCF\", \"operacionNombre\": \"LeerPaginadoAvanzado\", \"operacionNombreIlustrativo\": \"Leer Paginado Avanzado\"}]}, {\"seccion\": {\"id\": 38, \"nombre\": \"Menu\"}, \"operaciones\": [{\"id\": 359, \"seccionId\": 38, \"operacionId\": 37, \"nombreSeccion\": \"Menu\", \"operacionNombre\": \"Mantenimiento\", \"operacionNombreIlustrativo\": \"Mantenimiento\"}, {\"id\": 368, \"seccionId\": 38, \"operacionId\": 46, \"nombreSeccion\": \"Menu\", \"operacionNombre\": \"Mantenimiento-ControlNCF\", \"operacionNombreIlustrativo\": \"Mantenimiento-ControlNCF\"}]}]',''),(9,2,'[{\"seccion\": {\"id\": 6, \"nombre\": \"Moneda\"}, \"operaciones\": [{\"id\": 25, \"seccionId\": 6, \"operacionId\": 1, \"nombreSeccion\": \"Moneda\", \"operacionNombre\": \"Leer\", \"operacionNombreIlustrativo\": \"Leer\"}, {\"id\": 88, \"seccionId\": 6, \"operacionId\": 24, \"nombreSeccion\": \"Moneda\", \"operacionNombre\": \"LeerTodos\", \"operacionNombreIlustrativo\": \"Leer Todos\"}, {\"id\": 108, \"seccionId\": 6, \"operacionId\": 25, \"nombreSeccion\": \"Moneda\", \"operacionNombre\": \"LeerPorId\", \"operacionNombreIlustrativo\": \"Leer Por Id\"}]}, {\"seccion\": {\"id\": 22, \"nombre\": \"Unidades\"}, \"operaciones\": [{\"id\": 75, \"seccionId\": 22, \"operacionId\": 1, \"nombreSeccion\": \"Unidades\", \"operacionNombre\": \"Leer\", \"operacionNombreIlustrativo\": \"Leer\"}, {\"id\": 102, \"seccionId\": 22, \"operacionId\": 24, \"nombreSeccion\": \"Unidades\", \"operacionNombre\": \"LeerTodos\", \"operacionNombreIlustrativo\": \"Leer Todos\"}, {\"id\": 122, \"seccionId\": 22, \"operacionId\": 25, \"nombreSeccion\": \"Unidades\", \"operacionNombre\": \"LeerPorId\", \"operacionNombreIlustrativo\": \"Leer Por Id\"}]}, {\"seccion\": {\"id\": 20, \"nombre\": \"Suplidor\"}, \"operaciones\": [{\"id\": 67, \"seccionId\": 20, \"operacionId\": 1, \"nombreSeccion\": \"Suplidor\", \"operacionNombre\": \"Leer\", \"operacionNombreIlustrativo\": \"Leer\"}, {\"id\": 100, \"seccionId\": 20, \"operacionId\": 24, \"nombreSeccion\": \"Suplidor\", \"operacionNombre\": \"LeerTodos\", \"operacionNombreIlustrativo\": \"Leer Todos\"}, {\"id\": 120, \"seccionId\": 20, \"operacionId\": 25, \"nombreSeccion\": \"Suplidor\", \"operacionNombre\": \"LeerPorId\", \"operacionNombreIlustrativo\": \"Leer Por Id\"}]}, {\"seccion\": {\"id\": 4, \"nombre\": \"Producto\"}, \"operaciones\": [{\"id\": 18, \"seccionId\": 4, \"operacionId\": 1, \"nombreSeccion\": \"Producto\", \"operacionNombre\": \"Leer\", \"operacionNombreIlustrativo\": \"Leer\"}, {\"id\": 19, \"seccionId\": 4, \"operacionId\": 2, \"nombreSeccion\": \"Producto\", \"operacionNombre\": \"Crear\", \"operacionNombreIlustrativo\": \"Crear\"}, {\"id\": 20, \"seccionId\": 4, \"operacionId\": 3, \"nombreSeccion\": \"Producto\", \"operacionNombre\": \"Modificar\", \"operacionNombreIlustrativo\": \"Modificar\"}, {\"id\": 21, \"seccionId\": 4, \"operacionId\": 4, \"nombreSeccion\": \"Producto\", \"operacionNombre\": \"Borrar\", \"operacionNombreIlustrativo\": \"Borrar\"}, {\"id\": 22, \"seccionId\": 4, \"operacionId\": 15, \"nombreSeccion\": \"Producto\", \"operacionNombre\": \"MovimientosProducto\", \"operacionNombreIlustrativo\": \"Movimientos Producto\"}, {\"id\": 86, \"seccionId\": 4, \"operacionId\": 24, \"nombreSeccion\": \"Producto\", \"operacionNombre\": \"LeerTodos\", \"operacionNombreIlustrativo\": \"Leer Todos\"}, {\"id\": 106, \"seccionId\": 4, \"operacionId\": 25, \"nombreSeccion\": \"Producto\", \"operacionNombre\": \"LeerPorId\", \"operacionNombreIlustrativo\": \"Leer Por Id\"}, {\"id\": 126, \"seccionId\": 4, \"operacionId\": 26, \"nombreSeccion\": \"Producto\", \"operacionNombre\": \"LeerPaginadoBasico\", \"operacionNombreIlustrativo\": \"Leer Paginado Basico\"}, {\"id\": 146, \"seccionId\": 4, \"operacionId\": 27, \"nombreSeccion\": \"Producto\", \"operacionNombre\": \"LeerPaginadoPorActivos\", \"operacionNombreIlustrativo\": \"Leer Paginado Por Activos\"}, {\"id\": 166, \"seccionId\": 4, \"operacionId\": 28, \"nombreSeccion\": \"Producto\", \"operacionNombre\": \"LeerPaginadoAvanzado\", \"operacionNombreIlustrativo\": \"Leer Paginado Avanzado\"}]}, {\"seccion\": {\"id\": 38, \"nombre\": \"Menu\"}, \"operaciones\": [{\"id\": 359, \"seccionId\": 38, \"operacionId\": 37, \"nombreSeccion\": \"Menu\", \"operacionNombre\": \"Mantenimiento\", \"operacionNombreIlustrativo\": \"Mantenimiento\"}, {\"id\": 361, \"seccionId\": 38, \"operacionId\": 39, \"nombreSeccion\": \"Menu\", \"operacionNombre\": \"Mantenimiento-Productos\", \"operacionNombreIlustrativo\": \"Mantenimiento-Productos\"}]}]',''),(10,10,'[{\"seccion\": {\"id\": 22, \"nombre\": \"Unidades\"}, \"operaciones\": [{\"id\": 75, \"seccionId\": 22, \"operacionId\": 1, \"nombreSeccion\": \"Unidades\", \"operacionNombre\": \"Leer\", \"operacionNombreIlustrativo\": \"Leer\"}, {\"id\": 102, \"seccionId\": 22, \"operacionId\": 24, \"nombreSeccion\": \"Unidades\", \"operacionNombre\": \"LeerTodos\", \"operacionNombreIlustrativo\": \"Leer Todos\"}, {\"id\": 122, \"seccionId\": 22, \"operacionId\": 25, \"nombreSeccion\": \"Unidades\", \"operacionNombre\": \"LeerPorId\", \"operacionNombreIlustrativo\": \"Leer Por Id\"}]}, {\"seccion\": {\"id\": 6, \"nombre\": \"Moneda\"}, \"operaciones\": [{\"id\": 25, \"seccionId\": 6, \"operacionId\": 1, \"nombreSeccion\": \"Moneda\", \"operacionNombre\": \"Leer\", \"operacionNombreIlustrativo\": \"Leer\"}, {\"id\": 88, \"seccionId\": 6, \"operacionId\": 24, \"nombreSeccion\": \"Moneda\", \"operacionNombre\": \"LeerTodos\", \"operacionNombreIlustrativo\": \"Leer Todos\"}, {\"id\": 108, \"seccionId\": 6, \"operacionId\": 25, \"nombreSeccion\": \"Moneda\", \"operacionNombre\": \"LeerPorId\", \"operacionNombreIlustrativo\": \"Leer Por Id\"}]}, {\"seccion\": {\"id\": 10, \"nombre\": \"Cliente\"}, \"operaciones\": [{\"id\": 200, \"seccionId\": 10, \"operacionId\": 29, \"nombreSeccion\": \"Cliente\", \"operacionNombre\": \"LeerPorFiltro\", \"operacionNombreIlustrativo\": \"Leer Por Filtro\"}, {\"id\": 111, \"seccionId\": 10, \"operacionId\": 25, \"nombreSeccion\": \"Cliente\", \"operacionNombre\": \"LeerPorId\", \"operacionNombreIlustrativo\": \"Leer Por Id\"}, {\"id\": 41, \"seccionId\": 10, \"operacionId\": 1, \"nombreSeccion\": \"Cliente\", \"operacionNombre\": \"Leer\", \"operacionNombreIlustrativo\": \"Leer\"}, {\"id\": 91, \"seccionId\": 10, \"operacionId\": 24, \"nombreSeccion\": \"Cliente\", \"operacionNombre\": \"LeerTodos\", \"operacionNombreIlustrativo\": \"Leer Todos\"}]}, {\"seccion\": {\"id\": 11, \"nombre\": \"Almacen\"}, \"operaciones\": [{\"id\": 45, \"seccionId\": 11, \"operacionId\": 1, \"nombreSeccion\": \"Almacen\", \"operacionNombre\": \"Leer\", \"operacionNombreIlustrativo\": \"Leer\"}, {\"id\": 92, \"seccionId\": 11, \"operacionId\": 24, \"nombreSeccion\": \"Almacen\", \"operacionNombre\": \"LeerTodos\", \"operacionNombreIlustrativo\": \"Leer Todos\"}, {\"id\": 112, \"seccionId\": 11, \"operacionId\": 25, \"nombreSeccion\": \"Almacen\", \"operacionNombre\": \"LeerPorId\", \"operacionNombreIlustrativo\": \"Leer Por Id\"}]}, {\"seccion\": {\"id\": 4, \"nombre\": \"Producto\"}, \"operaciones\": [{\"id\": 18, \"seccionId\": 4, \"operacionId\": 1, \"nombreSeccion\": \"Producto\", \"operacionNombre\": \"Leer\", \"operacionNombreIlustrativo\": \"Leer\"}, {\"id\": 86, \"seccionId\": 4, \"operacionId\": 24, \"nombreSeccion\": \"Producto\", \"operacionNombre\": \"LeerTodos\", \"operacionNombreIlustrativo\": \"Leer Todos\"}, {\"id\": 106, \"seccionId\": 4, \"operacionId\": 25, \"nombreSeccion\": \"Producto\", \"operacionNombre\": \"LeerPorId\", \"operacionNombreIlustrativo\": \"Leer Por Id\"}, {\"id\": 201, \"seccionId\": 4, \"operacionId\": 29, \"nombreSeccion\": \"Producto\", \"operacionNombre\": \"LeerPorFiltro\", \"operacionNombreIlustrativo\": \"Leer Por Filtro\"}]}, {\"seccion\": {\"id\": 8, \"nombre\": \"Factura\"}, \"operaciones\": [{\"id\": 110, \"seccionId\": 8, \"operacionId\": 25, \"nombreSeccion\": \"Factura\", \"operacionNombre\": \"LeerPorId\", \"operacionNombreIlustrativo\": \"Leer Por Id\"}]}, {\"seccion\": {\"id\": 24, \"nombre\": \"Cotizacion\"}, \"operaciones\": [{\"id\": 185, \"seccionId\": 24, \"operacionId\": 1, \"nombreSeccion\": \"Cotizacion\", \"operacionNombre\": \"Leer\", \"operacionNombreIlustrativo\": \"Leer\"}, {\"id\": 186, \"seccionId\": 24, \"operacionId\": 2, \"nombreSeccion\": \"Cotizacion\", \"operacionNombre\": \"Crear\", \"operacionNombreIlustrativo\": \"Crear\"}, {\"id\": 187, \"seccionId\": 24, \"operacionId\": 3, \"nombreSeccion\": \"Cotizacion\", \"operacionNombre\": \"Modificar\", \"operacionNombreIlustrativo\": \"Modificar\"}, {\"id\": 193, \"seccionId\": 24, \"operacionId\": 24, \"nombreSeccion\": \"Cotizacion\", \"operacionNombre\": \"LeerTodos\", \"operacionNombreIlustrativo\": \"Leer Todos\"}, {\"id\": 194, \"seccionId\": 24, \"operacionId\": 25, \"nombreSeccion\": \"Cotizacion\", \"operacionNombre\": \"LeerPorId\", \"operacionNombreIlustrativo\": \"Leer Por Id\"}, {\"id\": 195, \"seccionId\": 24, \"operacionId\": 26, \"nombreSeccion\": \"Cotizacion\", \"operacionNombre\": \"LeerPaginadoBasico\", \"operacionNombreIlustrativo\": \"Leer Paginado Basico\"}, {\"id\": 196, \"seccionId\": 24, \"operacionId\": 27, \"nombreSeccion\": \"Cotizacion\", \"operacionNombre\": \"LeerPaginadoPorActivos\", \"operacionNombreIlustrativo\": \"Leer Paginado Por Activos\"}, {\"id\": 202, \"seccionId\": 24, \"operacionId\": 31, \"nombreSeccion\": \"Cotizacion\", \"operacionNombre\": \"FacturarCotizacion\", \"operacionNombreIlustrativo\": \"Facturar Cotizacion\"}, {\"id\": 197, \"seccionId\": 24, \"operacionId\": 28, \"nombreSeccion\": \"Cotizacion\", \"operacionNombre\": \"LeerPaginadoAvanzado\", \"operacionNombreIlustrativo\": \"Leer Paginado Avanzado\"}]}, {\"seccion\": {\"id\": 38, \"nombre\": \"Menu\"}, \"operaciones\": [{\"id\": 372, \"seccionId\": 38, \"operacionId\": 50, \"nombreSeccion\": \"Menu\", \"operacionNombre\": \"Facturacion\", \"operacionNombreIlustrativo\": \"Facturacion\"}, {\"id\": 373, \"seccionId\": 38, \"operacionId\": 51, \"nombreSeccion\": \"Menu\", \"operacionNombre\": \"Facturacion-Cotizaciones\", \"operacionNombreIlustrativo\": \"Facturacion-Cotizaciones\"}]}]',''),(11,10,'[{\"seccion\": {\"id\": 10, \"nombre\": \"Cliente\"}, \"operaciones\": [{\"id\": 41, \"seccionId\": 10, \"operacionId\": 1, \"nombreSeccion\": \"Cliente\", \"operacionNombre\": \"Leer\", \"operacionNombreIlustrativo\": \"Leer\"}, {\"id\": 91, \"seccionId\": 10, \"operacionId\": 24, \"nombreSeccion\": \"Cliente\", \"operacionNombre\": \"LeerTodos\", \"operacionNombreIlustrativo\": \"Leer Todos\"}, {\"id\": 111, \"seccionId\": 10, \"operacionId\": 25, \"nombreSeccion\": \"Cliente\", \"operacionNombre\": \"LeerPorId\", \"operacionNombreIlustrativo\": \"Leer Por Id\"}]}, {\"seccion\": {\"id\": 6, \"nombre\": \"Moneda\"}, \"operaciones\": [{\"id\": 25, \"seccionId\": 6, \"operacionId\": 1, \"nombreSeccion\": \"Moneda\", \"operacionNombre\": \"Leer\", \"operacionNombreIlustrativo\": \"Leer\"}, {\"id\": 88, \"seccionId\": 6, \"operacionId\": 24, \"nombreSeccion\": \"Moneda\", \"operacionNombre\": \"LeerTodos\", \"operacionNombreIlustrativo\": \"Leer Todos\"}, {\"id\": 108, \"seccionId\": 6, \"operacionId\": 25, \"nombreSeccion\": \"Moneda\", \"operacionNombre\": \"LeerPorId\", \"operacionNombreIlustrativo\": \"Leer Por Id\"}]}, {\"seccion\": {\"id\": 4, \"nombre\": \"Producto\"}, \"operaciones\": [{\"id\": 18, \"seccionId\": 4, \"operacionId\": 1, \"nombreSeccion\": \"Producto\", \"operacionNombre\": \"Leer\", \"operacionNombreIlustrativo\": \"Leer\"}, {\"id\": 86, \"seccionId\": 4, \"operacionId\": 24, \"nombreSeccion\": \"Producto\", \"operacionNombre\": \"LeerTodos\", \"operacionNombreIlustrativo\": \"Leer Todos\"}, {\"id\": 106, \"seccionId\": 4, \"operacionId\": 25, \"nombreSeccion\": \"Producto\", \"operacionNombre\": \"LeerPorId\", \"operacionNombreIlustrativo\": \"Leer Por Id\"}]}, {\"seccion\": {\"id\": 22, \"nombre\": \"Unidades\"}, \"operaciones\": [{\"id\": 75, \"seccionId\": 22, \"operacionId\": 1, \"nombreSeccion\": \"Unidades\", \"operacionNombre\": \"Leer\", \"operacionNombreIlustrativo\": \"Leer\"}, {\"id\": 102, \"seccionId\": 22, \"operacionId\": 24, \"nombreSeccion\": \"Unidades\", \"operacionNombre\": \"LeerTodos\", \"operacionNombreIlustrativo\": \"Leer Todos\"}, {\"id\": 122, \"seccionId\": 22, \"operacionId\": 25, \"nombreSeccion\": \"Unidades\", \"operacionNombre\": \"LeerPorId\", \"operacionNombreIlustrativo\": \"Leer Por Id\"}]}, {\"seccion\": {\"id\": 7, \"nombre\": \"Impuesto\"}, \"operaciones\": [{\"id\": 29, \"seccionId\": 7, \"operacionId\": 1, \"nombreSeccion\": \"Impuesto\", \"operacionNombre\": \"Leer\", \"operacionNombreIlustrativo\": \"Leer\"}, {\"id\": 89, \"seccionId\": 7, \"operacionId\": 24, \"nombreSeccion\": \"Impuesto\", \"operacionNombre\": \"LeerTodos\", \"operacionNombreIlustrativo\": \"Leer Todos\"}, {\"id\": 109, \"seccionId\": 7, \"operacionId\": 25, \"nombreSeccion\": \"Impuesto\", \"operacionNombre\": \"LeerPorId\", \"operacionNombreIlustrativo\": \"Leer Por Id\"}]}]',''),(12,11,'[{\"seccion\": {\"id\": 11, \"nombre\": \"Almacen\"}, \"operaciones\": [{\"id\": 45, \"seccionId\": 11, \"operacionId\": 1, \"nombreSeccion\": \"Almacen\", \"operacionNombre\": \"Leer\", \"operacionNombreIlustrativo\": \"Leer\"}, {\"id\": 92, \"seccionId\": 11, \"operacionId\": 24, \"nombreSeccion\": \"Almacen\", \"operacionNombre\": \"LeerTodos\", \"operacionNombreIlustrativo\": \"Leer Todos\"}, {\"id\": 112, \"seccionId\": 11, \"operacionId\": 25, \"nombreSeccion\": \"Almacen\", \"operacionNombre\": \"LeerPorId\", \"operacionNombreIlustrativo\": \"Leer Por Id\"}]}, {\"seccion\": {\"id\": 13, \"nombre\": \"AlmacenProducto\"}, \"operaciones\": [{\"id\": 94, \"seccionId\": 13, \"operacionId\": 24, \"nombreSeccion\": \"AlmacenProducto\", \"operacionNombre\": \"LeerTodos\", \"operacionNombreIlustrativo\": \"Leer Todos\"}, {\"id\": 114, \"seccionId\": 13, \"operacionId\": 25, \"nombreSeccion\": \"AlmacenProducto\", \"operacionNombre\": \"LeerPorId\", \"operacionNombreIlustrativo\": \"Leer Por Id\"}]}, {\"seccion\": {\"id\": 10, \"nombre\": \"Cliente\"}, \"operaciones\": [{\"id\": 41, \"seccionId\": 10, \"operacionId\": 1, \"nombreSeccion\": \"Cliente\", \"operacionNombre\": \"Leer\", \"operacionNombreIlustrativo\": \"Leer\"}, {\"id\": 91, \"seccionId\": 10, \"operacionId\": 24, \"nombreSeccion\": \"Cliente\", \"operacionNombre\": \"LeerTodos\", \"operacionNombreIlustrativo\": \"Leer Todos\"}, {\"id\": 111, \"seccionId\": 10, \"operacionId\": 25, \"nombreSeccion\": \"Cliente\", \"operacionNombre\": \"LeerPorId\", \"operacionNombreIlustrativo\": \"Leer Por Id\"}, {\"id\": 200, \"seccionId\": 10, \"operacionId\": 29, \"nombreSeccion\": \"Cliente\", \"operacionNombre\": \"LeerPorFiltro\", \"operacionNombreIlustrativo\": \"Leer Por Filtro\"}]}, {\"seccion\": {\"id\": 14, \"nombre\": \"ControlNCF\"}, \"operaciones\": [{\"id\": 49, \"seccionId\": 14, \"operacionId\": 1, \"nombreSeccion\": \"ControlNCF\", \"operacionNombre\": \"Leer\", \"operacionNombreIlustrativo\": \"Leer\"}, {\"id\": 95, \"seccionId\": 14, \"operacionId\": 24, \"nombreSeccion\": \"ControlNCF\", \"operacionNombre\": \"LeerTodos\", \"operacionNombreIlustrativo\": \"Leer Todos\"}, {\"id\": 115, \"seccionId\": 14, \"operacionId\": 25, \"nombreSeccion\": \"ControlNCF\", \"operacionNombre\": \"LeerPorId\", \"operacionNombreIlustrativo\": \"Leer Por Id\"}]}, {\"seccion\": {\"id\": 8, \"nombre\": \"Factura\"}, \"operaciones\": [{\"id\": 33, \"seccionId\": 8, \"operacionId\": 1, \"nombreSeccion\": \"Factura\", \"operacionNombre\": \"Leer\", \"operacionNombreIlustrativo\": \"Leer\"}, {\"id\": 34, \"seccionId\": 8, \"operacionId\": 2, \"nombreSeccion\": \"Factura\", \"operacionNombre\": \"Crear\", \"operacionNombreIlustrativo\": \"Crear\"}, {\"id\": 35, \"seccionId\": 8, \"operacionId\": 3, \"nombreSeccion\": \"Factura\", \"operacionNombre\": \"Modificar\", \"operacionNombreIlustrativo\": \"Modificar\"}, {\"id\": 37, \"seccionId\": 8, \"operacionId\": 21, \"nombreSeccion\": \"Factura\", \"operacionNombre\": \"CrearFacturaAntigua\", \"operacionNombreIlustrativo\": \"Crear Factura Antigua\"}, {\"id\": 90, \"seccionId\": 8, \"operacionId\": 24, \"nombreSeccion\": \"Factura\", \"operacionNombre\": \"LeerTodos\", \"operacionNombreIlustrativo\": \"Leer Todos\"}, {\"id\": 110, \"seccionId\": 8, \"operacionId\": 25, \"nombreSeccion\": \"Factura\", \"operacionNombre\": \"LeerPorId\", \"operacionNombreIlustrativo\": \"Leer Por Id\"}, {\"id\": 130, \"seccionId\": 8, \"operacionId\": 26, \"nombreSeccion\": \"Factura\", \"operacionNombre\": \"LeerPaginadoBasico\", \"operacionNombreIlustrativo\": \"Leer Paginado Basico\"}, {\"id\": 150, \"seccionId\": 8, \"operacionId\": 27, \"nombreSeccion\": \"Factura\", \"operacionNombre\": \"LeerPaginadoPorActivos\", \"operacionNombreIlustrativo\": \"Leer Paginado Por Activos\"}, {\"id\": 170, \"seccionId\": 8, \"operacionId\": 28, \"nombreSeccion\": \"Factura\", \"operacionNombre\": \"LeerPaginadoAvanzado\", \"operacionNombreIlustrativo\": \"Leer Paginado Avanzado\"}]}, {\"seccion\": {\"id\": 7, \"nombre\": \"Impuesto\"}, \"operaciones\": [{\"id\": 29, \"seccionId\": 7, \"operacionId\": 1, \"nombreSeccion\": \"Impuesto\", \"operacionNombre\": \"Leer\", \"operacionNombreIlustrativo\": \"Leer\"}, {\"id\": 89, \"seccionId\": 7, \"operacionId\": 24, \"nombreSeccion\": \"Impuesto\", \"operacionNombre\": \"LeerTodos\", \"operacionNombreIlustrativo\": \"Leer Todos\"}, {\"id\": 109, \"seccionId\": 7, \"operacionId\": 25, \"nombreSeccion\": \"Impuesto\", \"operacionNombre\": \"LeerPorId\", \"operacionNombreIlustrativo\": \"Leer Por Id\"}]}, {\"seccion\": {\"id\": 16, \"nombre\": \"Localidad\"}, \"operaciones\": [{\"id\": 58, \"seccionId\": 16, \"operacionId\": 1, \"nombreSeccion\": \"Localidad\", \"operacionNombre\": \"Leer\", \"operacionNombreIlustrativo\": \"Leer\"}, {\"id\": 97, \"seccionId\": 16, \"operacionId\": 24, \"nombreSeccion\": \"Localidad\", \"operacionNombre\": \"LeerTodos\", \"operacionNombreIlustrativo\": \"Leer Todos\"}, {\"id\": 117, \"seccionId\": 16, \"operacionId\": 25, \"nombreSeccion\": \"Localidad\", \"operacionNombre\": \"LeerPorId\", \"operacionNombreIlustrativo\": \"Leer Por Id\"}]}, {\"seccion\": {\"id\": 6, \"nombre\": \"Moneda\"}, \"operaciones\": [{\"id\": 25, \"seccionId\": 6, \"operacionId\": 1, \"nombreSeccion\": \"Moneda\", \"operacionNombre\": \"Leer\", \"operacionNombreIlustrativo\": \"Leer\"}, {\"id\": 88, \"seccionId\": 6, \"operacionId\": 24, \"nombreSeccion\": \"Moneda\", \"operacionNombre\": \"LeerTodos\", \"operacionNombreIlustrativo\": \"Leer Todos\"}, {\"id\": 108, \"seccionId\": 6, \"operacionId\": 25, \"nombreSeccion\": \"Moneda\", \"operacionNombre\": \"LeerPorId\", \"operacionNombreIlustrativo\": \"Leer Por Id\"}]}, {\"seccion\": {\"id\": 22, \"nombre\": \"Unidades\"}, \"operaciones\": [{\"id\": 75, \"seccionId\": 22, \"operacionId\": 1, \"nombreSeccion\": \"Unidades\", \"operacionNombre\": \"Leer\", \"operacionNombreIlustrativo\": \"Leer\"}, {\"id\": 102, \"seccionId\": 22, \"operacionId\": 24, \"nombreSeccion\": \"Unidades\", \"operacionNombre\": \"LeerTodos\", \"operacionNombreIlustrativo\": \"Leer Todos\"}, {\"id\": 122, \"seccionId\": 22, \"operacionId\": 25, \"nombreSeccion\": \"Unidades\", \"operacionNombre\": \"LeerPorId\", \"operacionNombreIlustrativo\": \"Leer Por Id\"}]}, {\"seccion\": {\"id\": 4, \"nombre\": \"Producto\"}, \"operaciones\": [{\"id\": 203, \"seccionId\": 4, \"operacionId\": 32, \"nombreSeccion\": \"Producto\", \"operacionNombre\": \"LeerProductoEnLocalidad\", \"operacionNombreIlustrativo\": \"Leer Producto En Localidad\"}, {\"id\": 201, \"seccionId\": 4, \"operacionId\": 29, \"nombreSeccion\": \"Producto\", \"operacionNombre\": \"LeerPorFiltro\", \"operacionNombreIlustrativo\": \"Leer Por Filtro\"}, {\"id\": 106, \"seccionId\": 4, \"operacionId\": 25, \"nombreSeccion\": \"Producto\", \"operacionNombre\": \"LeerPorId\", \"operacionNombreIlustrativo\": \"Leer Por Id\"}, {\"id\": 86, \"seccionId\": 4, \"operacionId\": 24, \"nombreSeccion\": \"Producto\", \"operacionNombre\": \"LeerTodos\", \"operacionNombreIlustrativo\": \"Leer Todos\"}, {\"id\": 18, \"seccionId\": 4, \"operacionId\": 1, \"nombreSeccion\": \"Producto\", \"operacionNombre\": \"Leer\", \"operacionNombreIlustrativo\": \"Leer\"}]}, {\"seccion\": {\"id\": 38, \"nombre\": \"Menu\"}, \"operaciones\": [{\"id\": 372, \"seccionId\": 38, \"operacionId\": 50, \"nombreSeccion\": \"Menu\", \"operacionNombre\": \"Facturacion\", \"operacionNombreIlustrativo\": \"Facturacion\"}, {\"id\": 374, \"seccionId\": 38, \"operacionId\": 52, \"nombreSeccion\": \"Menu\", \"operacionNombre\": \"Facturacion-Facturas\", \"operacionNombreIlustrativo\": \"Facturacion-Facturas\"}]}]',''),(13,12,'[{\"seccion\": {\"id\": 10, \"nombre\": \"Cliente\"}, \"operaciones\": [{\"id\": 41, \"seccionId\": 10, \"operacionId\": 1, \"nombreSeccion\": \"Cliente\", \"operacionNombre\": \"Leer\", \"operacionNombreIlustrativo\": \"Leer\"}, {\"id\": 200, \"seccionId\": 10, \"operacionId\": 29, \"nombreSeccion\": \"Cliente\", \"operacionNombre\": \"LeerPorFiltro\", \"operacionNombreIlustrativo\": \"Leer Por Filtro\"}, {\"id\": 111, \"seccionId\": 10, \"operacionId\": 25, \"nombreSeccion\": \"Cliente\", \"operacionNombre\": \"LeerPorId\", \"operacionNombreIlustrativo\": \"Leer Por Id\"}]}, {\"seccion\": {\"id\": 6, \"nombre\": \"Moneda\"}, \"operaciones\": [{\"id\": 25, \"seccionId\": 6, \"operacionId\": 1, \"nombreSeccion\": \"Moneda\", \"operacionNombre\": \"Leer\", \"operacionNombreIlustrativo\": \"Leer\"}, {\"id\": 88, \"seccionId\": 6, \"operacionId\": 24, \"nombreSeccion\": \"Moneda\", \"operacionNombre\": \"LeerTodos\", \"operacionNombreIlustrativo\": \"Leer Todos\"}]}, {\"seccion\": {\"id\": 25, \"nombre\": \"TipoPago\"}, \"operaciones\": [{\"id\": 204, \"seccionId\": 25, \"operacionId\": 1, \"nombreSeccion\": \"TipoPago\", \"operacionNombre\": \"Leer\", \"operacionNombreIlustrativo\": \"Leer\"}, {\"id\": 205, \"seccionId\": 25, \"operacionId\": 24, \"nombreSeccion\": \"TipoPago\", \"operacionNombre\": \"LeerTodos\", \"operacionNombreIlustrativo\": \"Leer Todos\"}]}, {\"seccion\": {\"id\": 5, \"nombre\": \"Pago\"}, \"operaciones\": [{\"id\": 23, \"seccionId\": 5, \"operacionId\": 20, \"nombreSeccion\": \"Pago\", \"operacionNombre\": \"AplicarPagos\", \"operacionNombreIlustrativo\": \"Aplicar Pagos\"}, {\"id\": 24, \"seccionId\": 5, \"operacionId\": 1, \"nombreSeccion\": \"Pago\", \"operacionNombre\": \"Leer\", \"operacionNombreIlustrativo\": \"Leer\"}, {\"id\": 87, \"seccionId\": 5, \"operacionId\": 24, \"nombreSeccion\": \"Pago\", \"operacionNombre\": \"LeerTodos\", \"operacionNombreIlustrativo\": \"Leer Todos\"}, {\"id\": 107, \"seccionId\": 5, \"operacionId\": 25, \"nombreSeccion\": \"Pago\", \"operacionNombre\": \"LeerPorId\", \"operacionNombreIlustrativo\": \"Leer Por Id\"}, {\"id\": 167, \"seccionId\": 5, \"operacionId\": 28, \"nombreSeccion\": \"Pago\", \"operacionNombre\": \"LeerPaginadoAvanzado\", \"operacionNombreIlustrativo\": \"Leer Paginado Avanzado\"}, {\"id\": 147, \"seccionId\": 5, \"operacionId\": 27, \"nombreSeccion\": \"Pago\", \"operacionNombre\": \"LeerPaginadoPorActivos\", \"operacionNombreIlustrativo\": \"Leer Paginado Por Activos\"}, {\"id\": 127, \"seccionId\": 5, \"operacionId\": 26, \"nombreSeccion\": \"Pago\", \"operacionNombre\": \"LeerPaginadoBasico\", \"operacionNombreIlustrativo\": \"Leer Paginado Basico\"}]}, {\"seccion\": {\"id\": 8, \"nombre\": \"Factura\"}, \"operaciones\": [{\"id\": 39, \"seccionId\": 8, \"operacionId\": 7, \"nombreSeccion\": \"Factura\", \"operacionNombre\": \"ReporteCxC\", \"operacionNombreIlustrativo\": \"Reporte CxC\"}]}, {\"seccion\": {\"id\": 38, \"nombre\": \"Menu\"}, \"operaciones\": [{\"id\": 372, \"seccionId\": 38, \"operacionId\": 50, \"nombreSeccion\": \"Menu\", \"operacionNombre\": \"Facturacion\", \"operacionNombreIlustrativo\": \"Facturacion\"}, {\"id\": 375, \"seccionId\": 38, \"operacionId\": 53, \"nombreSeccion\": \"Menu\", \"operacionNombre\": \"Facturacion-Pagos\", \"operacionNombreIlustrativo\": \"Facturacion-Pagos\"}]}]',''),(14,13,'[{\"seccion\": {\"id\": 15, \"nombre\": \"Gasto\"}, \"operaciones\": [{\"id\": 53, \"seccionId\": 15, \"operacionId\": 1, \"nombreSeccion\": \"Gasto\", \"operacionNombre\": \"Leer\", \"operacionNombreIlustrativo\": \"Leer\"}, {\"id\": 54, \"seccionId\": 15, \"operacionId\": 2, \"nombreSeccion\": \"Gasto\", \"operacionNombre\": \"Crear\", \"operacionNombreIlustrativo\": \"Crear\"}, {\"id\": 55, \"seccionId\": 15, \"operacionId\": 3, \"nombreSeccion\": \"Gasto\", \"operacionNombre\": \"Modificar\", \"operacionNombreIlustrativo\": \"Modificar\"}, {\"id\": 136, \"seccionId\": 15, \"operacionId\": 26, \"nombreSeccion\": \"Gasto\", \"operacionNombre\": \"LeerPaginadoBasico\", \"operacionNombreIlustrativo\": \"Leer Paginado Basico\"}, {\"id\": 116, \"seccionId\": 15, \"operacionId\": 25, \"nombreSeccion\": \"Gasto\", \"operacionNombre\": \"LeerPorId\", \"operacionNombreIlustrativo\": \"Leer Por Id\"}, {\"id\": 96, \"seccionId\": 15, \"operacionId\": 24, \"nombreSeccion\": \"Gasto\", \"operacionNombre\": \"LeerTodos\", \"operacionNombreIlustrativo\": \"Leer Todos\"}, {\"id\": 156, \"seccionId\": 15, \"operacionId\": 27, \"nombreSeccion\": \"Gasto\", \"operacionNombre\": \"LeerPaginadoPorActivos\", \"operacionNombreIlustrativo\": \"Leer Paginado Por Activos\"}, {\"id\": 176, \"seccionId\": 15, \"operacionId\": 28, \"nombreSeccion\": \"Gasto\", \"operacionNombre\": \"LeerPaginadoAvanzado\", \"operacionNombreIlustrativo\": \"Leer Paginado Avanzado\"}]}, {\"seccion\": {\"id\": 20, \"nombre\": \"Suplidor\"}, \"operaciones\": [{\"id\": 206, \"seccionId\": 20, \"operacionId\": 29, \"nombreSeccion\": \"Suplidor\", \"operacionNombre\": \"LeerPorFiltro\", \"operacionNombreIlustrativo\": \"Leer Por Filtro\"}]}, {\"seccion\": {\"id\": 6, \"nombre\": \"Moneda\"}, \"operaciones\": [{\"id\": 88, \"seccionId\": 6, \"operacionId\": 24, \"nombreSeccion\": \"Moneda\", \"operacionNombre\": \"LeerTodos\", \"operacionNombreIlustrativo\": \"Leer Todos\"}]}, {\"seccion\": {\"id\": 38, \"nombre\": \"Menu\"}, \"operaciones\": [{\"id\": 376, \"seccionId\": 38, \"operacionId\": 54, \"nombreSeccion\": \"Menu\", \"operacionNombre\": \"Gastos\", \"operacionNombreIlustrativo\": \"Gastos\"}, {\"id\": 377, \"seccionId\": 38, \"operacionId\": 55, \"nombreSeccion\": \"Menu\", \"operacionNombre\": \"Gastos-Gastos\", \"operacionNombreIlustrativo\": \"Gastos-Gastos\"}]}]',''),(15,13,'[{\"seccion\": {\"id\": 15, \"nombre\": \"Gasto\"}, \"operaciones\": [{\"id\": 53, \"seccionId\": 15, \"operacionId\": 1, \"nombreSeccion\": \"Gasto\", \"operacionNombre\": \"Leer\", \"operacionNombreIlustrativo\": \"Leer\"}, {\"id\": 54, \"seccionId\": 15, \"operacionId\": 2, \"nombreSeccion\": \"Gasto\", \"operacionNombre\": \"Crear\", \"operacionNombreIlustrativo\": \"Crear\"}, {\"id\": 55, \"seccionId\": 15, \"operacionId\": 3, \"nombreSeccion\": \"Gasto\", \"operacionNombre\": \"Modificar\", \"operacionNombreIlustrativo\": \"Modificar\"}, {\"id\": 136, \"seccionId\": 15, \"operacionId\": 26, \"nombreSeccion\": \"Gasto\", \"operacionNombre\": \"LeerPaginadoBasico\", \"operacionNombreIlustrativo\": \"Leer Paginado Basico\"}, {\"id\": 116, \"seccionId\": 15, \"operacionId\": 25, \"nombreSeccion\": \"Gasto\", \"operacionNombre\": \"LeerPorId\", \"operacionNombreIlustrativo\": \"Leer Por Id\"}, {\"id\": 96, \"seccionId\": 15, \"operacionId\": 24, \"nombreSeccion\": \"Gasto\", \"operacionNombre\": \"LeerTodos\", \"operacionNombreIlustrativo\": \"Leer Todos\"}, {\"id\": 156, \"seccionId\": 15, \"operacionId\": 27, \"nombreSeccion\": \"Gasto\", \"operacionNombre\": \"LeerPaginadoPorActivos\", \"operacionNombreIlustrativo\": \"Leer Paginado Por Activos\"}, {\"id\": 176, \"seccionId\": 15, \"operacionId\": 28, \"nombreSeccion\": \"Gasto\", \"operacionNombre\": \"LeerPaginadoAvanzado\", \"operacionNombreIlustrativo\": \"Leer Paginado Avanzado\"}]}, {\"seccion\": {\"id\": 20, \"nombre\": \"Suplidor\"}, \"operaciones\": [{\"id\": 67, \"seccionId\": 20, \"operacionId\": 1, \"nombreSeccion\": \"Suplidor\", \"operacionNombre\": \"Leer\", \"operacionNombreIlustrativo\": \"Leer\"}, {\"id\": 100, \"seccionId\": 20, \"operacionId\": 24, \"nombreSeccion\": \"Suplidor\", \"operacionNombre\": \"LeerTodos\", \"operacionNombreIlustrativo\": \"Leer Todos\"}, {\"id\": 120, \"seccionId\": 20, \"operacionId\": 25, \"nombreSeccion\": \"Suplidor\", \"operacionNombre\": \"LeerPorId\", \"operacionNombreIlustrativo\": \"Leer Por Id\"}]}]',''),(16,14,'[{\"seccion\": {\"id\": 20, \"nombre\": \"Suplidor\"}, \"operaciones\": [{\"id\": 206, \"seccionId\": 20, \"operacionId\": 29, \"nombreSeccion\": \"Suplidor\", \"operacionNombre\": \"LeerPorFiltro\", \"operacionNombreIlustrativo\": \"Leer Por Filtro\"}]}, {\"seccion\": {\"id\": 6, \"nombre\": \"Moneda\"}, \"operaciones\": [{\"id\": 25, \"seccionId\": 6, \"operacionId\": 1, \"nombreSeccion\": \"Moneda\", \"operacionNombre\": \"Leer\", \"operacionNombreIlustrativo\": \"Leer\"}, {\"id\": 88, \"seccionId\": 6, \"operacionId\": 24, \"nombreSeccion\": \"Moneda\", \"operacionNombre\": \"LeerTodos\", \"operacionNombreIlustrativo\": \"Leer Todos\"}]}, {\"seccion\": {\"id\": 15, \"nombre\": \"Gasto\"}, \"operaciones\": [{\"id\": 57, \"seccionId\": 15, \"operacionId\": 9, \"nombreSeccion\": \"Gasto\", \"operacionNombre\": \"ReporteCxP\", \"operacionNombreIlustrativo\": \"Reporte CxP\"}]}, {\"seccion\": {\"id\": 18, \"nombre\": \"PagoGasto\"}, \"operaciones\": [{\"id\": 62, \"seccionId\": 18, \"operacionId\": 1, \"nombreSeccion\": \"PagoGasto\", \"operacionNombre\": \"Leer\", \"operacionNombreIlustrativo\": \"Leer\"}, {\"id\": 63, \"seccionId\": 18, \"operacionId\": 22, \"nombreSeccion\": \"PagoGasto\", \"operacionNombre\": \"AplicarPagos\", \"operacionNombreIlustrativo\": \"Aplicar Pagos\"}, {\"id\": 64, \"seccionId\": 18, \"operacionId\": 2, \"nombreSeccion\": \"PagoGasto\", \"operacionNombre\": \"Crear\", \"operacionNombreIlustrativo\": \"Crear\"}, {\"id\": 65, \"seccionId\": 18, \"operacionId\": 3, \"nombreSeccion\": \"PagoGasto\", \"operacionNombre\": \"Modificar\", \"operacionNombreIlustrativo\": \"Modificar\"}, {\"id\": 139, \"seccionId\": 18, \"operacionId\": 26, \"nombreSeccion\": \"PagoGasto\", \"operacionNombre\": \"LeerPaginadoBasico\", \"operacionNombreIlustrativo\": \"Leer Paginado Basico\"}, {\"id\": 99, \"seccionId\": 18, \"operacionId\": 24, \"nombreSeccion\": \"PagoGasto\", \"operacionNombre\": \"LeerTodos\", \"operacionNombreIlustrativo\": \"Leer Todos\"}, {\"id\": 119, \"seccionId\": 18, \"operacionId\": 25, \"nombreSeccion\": \"PagoGasto\", \"operacionNombre\": \"LeerPorId\", \"operacionNombreIlustrativo\": \"Leer Por Id\"}, {\"id\": 159, \"seccionId\": 18, \"operacionId\": 27, \"nombreSeccion\": \"PagoGasto\", \"operacionNombre\": \"LeerPaginadoPorActivos\", \"operacionNombreIlustrativo\": \"Leer Paginado Por Activos\"}, {\"id\": 179, \"seccionId\": 18, \"operacionId\": 28, \"nombreSeccion\": \"PagoGasto\", \"operacionNombre\": \"LeerPaginadoAvanzado\", \"operacionNombreIlustrativo\": \"Leer Paginado Avanzado\"}]}, {\"seccion\": {\"id\": 25, \"nombre\": \"TipoPago\"}, \"operaciones\": [{\"id\": 204, \"seccionId\": 25, \"operacionId\": 1, \"nombreSeccion\": \"TipoPago\", \"operacionNombre\": \"Leer\", \"operacionNombreIlustrativo\": \"Leer\"}, {\"id\": 205, \"seccionId\": 25, \"operacionId\": 24, \"nombreSeccion\": \"TipoPago\", \"operacionNombre\": \"LeerTodos\", \"operacionNombreIlustrativo\": \"Leer Todos\"}]}, {\"seccion\": {\"id\": 38, \"nombre\": \"Menu\"}, \"operaciones\": [{\"id\": 376, \"seccionId\": 38, \"operacionId\": 54, \"nombreSeccion\": \"Menu\", \"operacionNombre\": \"Gastos\", \"operacionNombreIlustrativo\": \"Gastos\"}, {\"id\": 378, \"seccionId\": 38, \"operacionId\": 56, \"nombreSeccion\": \"Menu\", \"operacionNombre\": \"Gastos-Pagos\", \"operacionNombreIlustrativo\": \"Gastos-Pagos\"}]}]',''),(17,16,'[{\"seccion\": {\"id\": 26, \"nombre\": \"Caja\"}, \"operaciones\": [{\"id\": 207, \"seccionId\": 26, \"operacionId\": 1, \"nombreSeccion\": \"Caja\", \"operacionNombre\": \"Leer\", \"operacionNombreIlustrativo\": \"Leer\"}, {\"id\": 208, \"seccionId\": 26, \"operacionId\": 2, \"nombreSeccion\": \"Caja\", \"operacionNombre\": \"Crear\", \"operacionNombreIlustrativo\": \"Crear\"}, {\"id\": 209, \"seccionId\": 26, \"operacionId\": 3, \"nombreSeccion\": \"Caja\", \"operacionNombre\": \"Modificar\", \"operacionNombreIlustrativo\": \"Modificar\"}, {\"id\": 211, \"seccionId\": 26, \"operacionId\": 24, \"nombreSeccion\": \"Caja\", \"operacionNombre\": \"LeerTodos\", \"operacionNombreIlustrativo\": \"Leer Todos\"}, {\"id\": 212, \"seccionId\": 26, \"operacionId\": 25, \"nombreSeccion\": \"Caja\", \"operacionNombre\": \"LeerPorId\", \"operacionNombreIlustrativo\": \"Leer Por Id\"}, {\"id\": 213, \"seccionId\": 26, \"operacionId\": 26, \"nombreSeccion\": \"Caja\", \"operacionNombre\": \"LeerPaginadoBasico\", \"operacionNombreIlustrativo\": \"Leer Paginado Basico\"}, {\"id\": 214, \"seccionId\": 26, \"operacionId\": 27, \"nombreSeccion\": \"Caja\", \"operacionNombre\": \"LeerPaginadoPorActivos\", \"operacionNombreIlustrativo\": \"Leer Paginado Por Activos\"}, {\"id\": 215, \"seccionId\": 26, \"operacionId\": 28, \"nombreSeccion\": \"Caja\", \"operacionNombre\": \"LeerPaginadoAvanzado\", \"operacionNombreIlustrativo\": \"Leer Paginado Avanzado\"}]}, {\"seccion\": {\"id\": 16, \"nombre\": \"Localidad\"}, \"operaciones\": [{\"id\": 58, \"seccionId\": 16, \"operacionId\": 1, \"nombreSeccion\": \"Localidad\", \"operacionNombre\": \"Leer\", \"operacionNombreIlustrativo\": \"Leer\"}, {\"id\": 97, \"seccionId\": 16, \"operacionId\": 24, \"nombreSeccion\": \"Localidad\", \"operacionNombre\": \"LeerTodos\", \"operacionNombreIlustrativo\": \"Leer Todos\"}, {\"id\": 117, \"seccionId\": 16, \"operacionId\": 25, \"nombreSeccion\": \"Localidad\", \"operacionNombre\": \"LeerPorId\", \"operacionNombreIlustrativo\": \"Leer Por Id\"}]}, {\"seccion\": {\"id\": 38, \"nombre\": \"Menu\"}, \"operaciones\": [{\"id\": 369, \"seccionId\": 38, \"operacionId\": 47, \"nombreSeccion\": \"Menu\", \"operacionNombre\": \"Cajas\", \"operacionNombreIlustrativo\": \"Cajas\"}, {\"id\": 370, \"seccionId\": 38, \"operacionId\": 48, \"nombreSeccion\": \"Menu\", \"operacionNombre\": \"Cajas-Mantenimiento\", \"operacionNombreIlustrativo\": \"Cajas-Mantenimiento\"}]}]',''),(18,17,'[{\"seccion\": {\"id\": 23, \"nombre\": \"Usuarios\"}, \"operaciones\": [{\"id\": 79, \"seccionId\": 23, \"operacionId\": 1, \"nombreSeccion\": \"Usuarios\", \"operacionNombre\": \"Leer\", \"operacionNombreIlustrativo\": \"Leer\"}, {\"id\": 103, \"seccionId\": 23, \"operacionId\": 24, \"nombreSeccion\": \"Usuarios\", \"operacionNombre\": \"LeerTodos\", \"operacionNombreIlustrativo\": \"Leer Todos\"}]}, {\"seccion\": {\"id\": 26, \"nombre\": \"Caja\"}, \"operaciones\": [{\"id\": 207, \"seccionId\": 26, \"operacionId\": 1, \"nombreSeccion\": \"Caja\", \"operacionNombre\": \"Leer\", \"operacionNombreIlustrativo\": \"Leer\"}, {\"id\": 211, \"seccionId\": 26, \"operacionId\": 24, \"nombreSeccion\": \"Caja\", \"operacionNombre\": \"LeerTodos\", \"operacionNombreIlustrativo\": \"Leer Todos\"}]}, {\"seccion\": {\"id\": 6, \"nombre\": \"Moneda\"}, \"operaciones\": [{\"id\": 25, \"seccionId\": 6, \"operacionId\": 1, \"nombreSeccion\": \"Moneda\", \"operacionNombre\": \"Leer\", \"operacionNombreIlustrativo\": \"Leer\"}, {\"id\": 88, \"seccionId\": 6, \"operacionId\": 24, \"nombreSeccion\": \"Moneda\", \"operacionNombre\": \"LeerTodos\", \"operacionNombreIlustrativo\": \"Leer Todos\"}]}, {\"seccion\": {\"id\": 27, \"nombre\": \"AperturaCaja\"}, \"operaciones\": [{\"id\": 222, \"seccionId\": 27, \"operacionId\": 1, \"nombreSeccion\": \"AperturaCaja\", \"operacionNombre\": \"Leer\", \"operacionNombreIlustrativo\": \"Leer\"}, {\"id\": 223, \"seccionId\": 27, \"operacionId\": 2, \"nombreSeccion\": \"AperturaCaja\", \"operacionNombre\": \"Crear\", \"operacionNombreIlustrativo\": \"Crear\"}, {\"id\": 224, \"seccionId\": 27, \"operacionId\": 3, \"nombreSeccion\": \"AperturaCaja\", \"operacionNombre\": \"Modificar\", \"operacionNombreIlustrativo\": \"Modificar\"}, {\"id\": 226, \"seccionId\": 27, \"operacionId\": 24, \"nombreSeccion\": \"AperturaCaja\", \"operacionNombre\": \"LeerTodos\", \"operacionNombreIlustrativo\": \"Leer Todos\"}, {\"id\": 227, \"seccionId\": 27, \"operacionId\": 25, \"nombreSeccion\": \"AperturaCaja\", \"operacionNombre\": \"LeerPorId\", \"operacionNombreIlustrativo\": \"Leer Por Id\"}, {\"id\": 228, \"seccionId\": 27, \"operacionId\": 26, \"nombreSeccion\": \"AperturaCaja\", \"operacionNombre\": \"LeerPaginadoBasico\", \"operacionNombreIlustrativo\": \"Leer Paginado Basico\"}, {\"id\": 229, \"seccionId\": 27, \"operacionId\": 27, \"nombreSeccion\": \"AperturaCaja\", \"operacionNombre\": \"LeerPaginadoPorActivos\", \"operacionNombreIlustrativo\": \"Leer Paginado Por Activos\"}, {\"id\": 230, \"seccionId\": 27, \"operacionId\": 28, \"nombreSeccion\": \"AperturaCaja\", \"operacionNombre\": \"LeerPaginadoAvanzado\", \"operacionNombreIlustrativo\": \"Leer Paginado Avanzado\"}, {\"id\": 237, \"seccionId\": 27, \"operacionId\": 33, \"nombreSeccion\": \"AperturaCaja\", \"operacionNombre\": \"cerrarCaja\", \"operacionNombreIlustrativo\": \"Cerrar Caja\"}]}, {\"seccion\": {\"id\": 28, \"nombre\": \"montosapertura\"}, \"operaciones\": [{\"id\": 238, \"seccionId\": 28, \"operacionId\": 1, \"nombreSeccion\": \"montosapertura\", \"operacionNombre\": \"Leer\", \"operacionNombreIlustrativo\": \"Leer\"}, {\"id\": 239, \"seccionId\": 28, \"operacionId\": 24, \"nombreSeccion\": \"montosapertura\", \"operacionNombre\": \"LeerTodos\", \"operacionNombreIlustrativo\": \"Leer Todos\"}]}, {\"seccion\": {\"id\": 25, \"nombre\": \"TipoPago\"}, \"operaciones\": [{\"id\": 205, \"seccionId\": 25, \"operacionId\": 24, \"nombreSeccion\": \"TipoPago\", \"operacionNombre\": \"LeerTodos\", \"operacionNombreIlustrativo\": \"Leer Todos\"}, {\"id\": 204, \"seccionId\": 25, \"operacionId\": 1, \"nombreSeccion\": \"TipoPago\", \"operacionNombre\": \"Leer\", \"operacionNombreIlustrativo\": \"Leer\"}]}, {\"seccion\": {\"id\": 38, \"nombre\": \"Menu\"}, \"operaciones\": [{\"id\": 369, \"seccionId\": 38, \"operacionId\": 47, \"nombreSeccion\": \"Menu\", \"operacionNombre\": \"Cajas\", \"operacionNombreIlustrativo\": \"Cajas\"}, {\"id\": 371, \"seccionId\": 38, \"operacionId\": 49, \"nombreSeccion\": \"Menu\", \"operacionNombre\": \"Cajas-AperturaCierre\", \"operacionNombreIlustrativo\": \"Cajas-AperturaCierre\"}]}]',''),(19,18,'[{\"seccion\": {\"id\": 8, \"nombre\": \"Factura\"}, \"operaciones\": [{\"id\": 38, \"seccionId\": 8, \"operacionId\": 6, \"nombreSeccion\": \"Factura\", \"operacionNombre\": \"ReporteDeVentas\", \"operacionNombreIlustrativo\": \"Reporte De Ventas\"}]}, {\"seccion\": {\"id\": 38, \"nombre\": \"Menu\"}, \"operaciones\": [{\"id\": 379, \"seccionId\": 38, \"operacionId\": 57, \"nombreSeccion\": \"Menu\", \"operacionNombre\": \"Reportes\", \"operacionNombreIlustrativo\": \"Reportes\"}, {\"id\": 380, \"seccionId\": 38, \"operacionId\": 58, \"nombreSeccion\": \"Menu\", \"operacionNombre\": \"Reportes-ReporteVentas\", \"operacionNombreIlustrativo\": \"Reportes-ReporteVentas\"}]}]',''),(20,19,'[{\"seccion\": {\"id\": 8, \"nombre\": \"Factura\"}, \"operaciones\": [{\"id\": 39, \"seccionId\": 8, \"operacionId\": 7, \"nombreSeccion\": \"Factura\", \"operacionNombre\": \"ReporteCxC\", \"operacionNombreIlustrativo\": \"Reporte CxC\"}]}, {\"seccion\": {\"id\": 10, \"nombre\": \"Cliente\"}, \"operaciones\": [{\"id\": 200, \"seccionId\": 10, \"operacionId\": 29, \"nombreSeccion\": \"Cliente\", \"operacionNombre\": \"LeerPorFiltro\", \"operacionNombreIlustrativo\": \"Leer Por Filtro\"}]}, {\"seccion\": {\"id\": 38, \"nombre\": \"Menu\"}, \"operaciones\": [{\"id\": 379, \"seccionId\": 38, \"operacionId\": 57, \"nombreSeccion\": \"Menu\", \"operacionNombre\": \"Reportes\", \"operacionNombreIlustrativo\": \"Reportes\"}, {\"id\": 381, \"seccionId\": 38, \"operacionId\": 59, \"nombreSeccion\": \"Menu\", \"operacionNombre\": \"Reportes-CxCGeneral\", \"operacionNombreIlustrativo\": \"Reportes-CxCGeneral\"}]}]',''),(21,25,'[{\"seccion\": {\"id\": 15, \"nombre\": \"Gasto\"}, \"operaciones\": [{\"id\": 57, \"seccionId\": 15, \"operacionId\": 9, \"nombreSeccion\": \"Gasto\", \"operacionNombre\": \"ReporteCxP\", \"operacionNombreIlustrativo\": \"Reporte CxP\"}]}, {\"seccion\": {\"id\": 20, \"nombre\": \"Suplidor\"}, \"operaciones\": [{\"id\": 206, \"seccionId\": 20, \"operacionId\": 29, \"nombreSeccion\": \"Suplidor\", \"operacionNombre\": \"LeerPorFiltro\", \"operacionNombreIlustrativo\": \"Leer Por Filtro\"}, {\"id\": 67, \"seccionId\": 20, \"operacionId\": 1, \"nombreSeccion\": \"Suplidor\", \"operacionNombre\": \"Leer\", \"operacionNombreIlustrativo\": \"Leer\"}]}, {\"seccion\": {\"id\": 6, \"nombre\": \"Moneda\"}, \"operaciones\": [{\"id\": 25, \"seccionId\": 6, \"operacionId\": 1, \"nombreSeccion\": \"Moneda\", \"operacionNombre\": \"Leer\", \"operacionNombreIlustrativo\": \"Leer\"}, {\"id\": 88, \"seccionId\": 6, \"operacionId\": 24, \"nombreSeccion\": \"Moneda\", \"operacionNombre\": \"LeerTodos\", \"operacionNombreIlustrativo\": \"Leer Todos\"}]}, {\"seccion\": {\"id\": 38, \"nombre\": \"Menu\"}, \"operaciones\": [{\"id\": 379, \"seccionId\": 38, \"operacionId\": 57, \"nombreSeccion\": \"Menu\", \"operacionNombre\": \"Reportes\", \"operacionNombreIlustrativo\": \"Reportes\"}, {\"id\": 384, \"seccionId\": 38, \"operacionId\": 62, \"nombreSeccion\": \"Menu\", \"operacionNombre\": \"Reportes-reporteCxP\", \"operacionNombreIlustrativo\": \"Reportes-reporteCxP\"}]}]',''),(22,26,'[{\"seccion\": {\"id\": 10, \"nombre\": \"Cliente\"}, \"operaciones\": [{\"id\": 356, \"seccionId\": 10, \"operacionId\": 35, \"nombreSeccion\": \"Cliente\", \"operacionNombre\": \"ClientesFiltrados\", \"operacionNombreIlustrativo\": \"Listado de clientes\"}]}, {\"seccion\": {\"id\": 38, \"nombre\": \"Menu\"}, \"operaciones\": [{\"id\": 379, \"seccionId\": 38, \"operacionId\": 57, \"nombreSeccion\": \"Menu\", \"operacionNombre\": \"Reportes\", \"operacionNombreIlustrativo\": \"Reportes\"}, {\"id\": 386, \"seccionId\": 38, \"operacionId\": 64, \"nombreSeccion\": \"Menu\", \"operacionNombre\": \"Reportes-listadoClientes\", \"operacionNombreIlustrativo\": \"Reportes-listadoClientes\"}]}]',''),(23,27,'[{\"seccion\": {\"id\": 4, \"nombre\": \"Producto\"}, \"operaciones\": [{\"id\": 355, \"seccionId\": 4, \"operacionId\": 34, \"nombreSeccion\": \"Producto\", \"operacionNombre\": \"productosFiltrados\", \"operacionNombreIlustrativo\": \"Listado de precios\"}]}, {\"seccion\": {\"id\": 38, \"nombre\": \"Menu\"}, \"operaciones\": [{\"id\": 379, \"seccionId\": 38, \"operacionId\": 57, \"nombreSeccion\": \"Menu\", \"operacionNombre\": \"Reportes\", \"operacionNombreIlustrativo\": \"Reportes\"}, {\"id\": 385, \"seccionId\": 38, \"operacionId\": 63, \"nombreSeccion\": \"Menu\", \"operacionNombre\": \"Reportes-listadoPrecios\", \"operacionNombreIlustrativo\": \"Reportes-listadoPrecios\"}]}]',''),(24,28,'[{\"seccion\": {\"id\": 20, \"nombre\": \"Suplidor\"}, \"operaciones\": [{\"id\": 67, \"seccionId\": 20, \"operacionId\": 1, \"nombreSeccion\": \"Suplidor\", \"operacionNombre\": \"Leer\", \"operacionNombreIlustrativo\": \"Leer\"}, {\"id\": 120, \"seccionId\": 20, \"operacionId\": 25, \"nombreSeccion\": \"Suplidor\", \"operacionNombre\": \"LeerPorId\", \"operacionNombreIlustrativo\": \"Leer Por Id\"}, {\"id\": 206, \"seccionId\": 20, \"operacionId\": 29, \"nombreSeccion\": \"Suplidor\", \"operacionNombre\": \"LeerPorFiltro\", \"operacionNombreIlustrativo\": \"Leer Por Filtro\"}]}, {\"seccion\": {\"id\": 6, \"nombre\": \"Moneda\"}, \"operaciones\": [{\"id\": 25, \"seccionId\": 6, \"operacionId\": 1, \"nombreSeccion\": \"Moneda\", \"operacionNombre\": \"Leer\", \"operacionNombreIlustrativo\": \"Leer\"}, {\"id\": 108, \"seccionId\": 6, \"operacionId\": 25, \"nombreSeccion\": \"Moneda\", \"operacionNombre\": \"LeerPorId\", \"operacionNombreIlustrativo\": \"Leer Por Id\"}, {\"id\": 88, \"seccionId\": 6, \"operacionId\": 24, \"nombreSeccion\": \"Moneda\", \"operacionNombre\": \"LeerTodos\", \"operacionNombreIlustrativo\": \"Leer Todos\"}]}, {\"seccion\": {\"id\": 22, \"nombre\": \"Unidades\"}, \"operaciones\": [{\"id\": 75, \"seccionId\": 22, \"operacionId\": 1, \"nombreSeccion\": \"Unidades\", \"operacionNombre\": \"Leer\", \"operacionNombreIlustrativo\": \"Leer\"}, {\"id\": 102, \"seccionId\": 22, \"operacionId\": 24, \"nombreSeccion\": \"Unidades\", \"operacionNombre\": \"LeerTodos\", \"operacionNombreIlustrativo\": \"Leer Todos\"}, {\"id\": 122, \"seccionId\": 22, \"operacionId\": 25, \"nombreSeccion\": \"Unidades\", \"operacionNombre\": \"LeerPorId\", \"operacionNombreIlustrativo\": \"Leer Por Id\"}]}, {\"seccion\": {\"id\": 16, \"nombre\": \"Localidad\"}, \"operaciones\": [{\"id\": 58, \"seccionId\": 16, \"operacionId\": 1, \"nombreSeccion\": \"Localidad\", \"operacionNombre\": \"Leer\", \"operacionNombreIlustrativo\": \"Leer\"}, {\"id\": 97, \"seccionId\": 16, \"operacionId\": 24, \"nombreSeccion\": \"Localidad\", \"operacionNombre\": \"LeerTodos\", \"operacionNombreIlustrativo\": \"Leer Todos\"}, {\"id\": 117, \"seccionId\": 16, \"operacionId\": 25, \"nombreSeccion\": \"Localidad\", \"operacionNombre\": \"LeerPorId\", \"operacionNombreIlustrativo\": \"Leer Por Id\"}]}, {\"seccion\": {\"id\": 11, \"nombre\": \"Almacen\"}, \"operaciones\": [{\"id\": 45, \"seccionId\": 11, \"operacionId\": 1, \"nombreSeccion\": \"Almacen\", \"operacionNombre\": \"Leer\", \"operacionNombreIlustrativo\": \"Leer\"}, {\"id\": 92, \"seccionId\": 11, \"operacionId\": 24, \"nombreSeccion\": \"Almacen\", \"operacionNombre\": \"LeerTodos\", \"operacionNombreIlustrativo\": \"Leer Todos\"}, {\"id\": 112, \"seccionId\": 11, \"operacionId\": 25, \"nombreSeccion\": \"Almacen\", \"operacionNombre\": \"LeerPorId\", \"operacionNombreIlustrativo\": \"Leer Por Id\"}]}, {\"seccion\": {\"id\": 4, \"nombre\": \"Producto\"}, \"operaciones\": [{\"id\": 18, \"seccionId\": 4, \"operacionId\": 1, \"nombreSeccion\": \"Producto\", \"operacionNombre\": \"Leer\", \"operacionNombreIlustrativo\": \"Leer\"}, {\"id\": 106, \"seccionId\": 4, \"operacionId\": 25, \"nombreSeccion\": \"Producto\", \"operacionNombre\": \"LeerPorId\", \"operacionNombreIlustrativo\": \"Leer Por Id\"}, {\"id\": 201, \"seccionId\": 4, \"operacionId\": 29, \"nombreSeccion\": \"Producto\", \"operacionNombre\": \"LeerPorFiltro\", \"operacionNombreIlustrativo\": \"Leer Por Filtro\"}]}, {\"seccion\": {\"id\": 29, \"nombre\": \"MovimientoEntrada\"}, \"operaciones\": [{\"id\": 240, \"seccionId\": 29, \"operacionId\": 1, \"nombreSeccion\": \"MovimientoEntrada\", \"operacionNombre\": \"Leer\", \"operacionNombreIlustrativo\": \"Leer\"}, {\"id\": 242, \"seccionId\": 29, \"operacionId\": 13, \"nombreSeccion\": \"MovimientoEntrada\", \"operacionNombre\": \"RegistrarEntradas\", \"operacionNombreIlustrativo\": \"Registrar Entradas\"}, {\"id\": 246, \"seccionId\": 29, \"operacionId\": 14, \"nombreSeccion\": \"MovimientoEntrada\", \"operacionNombre\": \"ImprimirEntrada\", \"operacionNombreIlustrativo\": \"Imprimir Entrada\"}, {\"id\": 249, \"seccionId\": 29, \"operacionId\": 24, \"nombreSeccion\": \"MovimientoEntrada\", \"operacionNombre\": \"LeerTodos\", \"operacionNombreIlustrativo\": \"Leer Todos\"}, {\"id\": 250, \"seccionId\": 29, \"operacionId\": 25, \"nombreSeccion\": \"MovimientoEntrada\", \"operacionNombre\": \"LeerPorId\", \"operacionNombreIlustrativo\": \"Leer Por Id\"}, {\"id\": 251, \"seccionId\": 29, \"operacionId\": 26, \"nombreSeccion\": \"MovimientoEntrada\", \"operacionNombre\": \"LeerPaginadoBasico\", \"operacionNombreIlustrativo\": \"Leer Paginado Basico\"}, {\"id\": 252, \"seccionId\": 29, \"operacionId\": 27, \"nombreSeccion\": \"MovimientoEntrada\", \"operacionNombre\": \"LeerPaginadoPorActivos\", \"operacionNombreIlustrativo\": \"Leer Paginado Por Activos\"}, {\"id\": 253, \"seccionId\": 29, \"operacionId\": 28, \"nombreSeccion\": \"MovimientoEntrada\", \"operacionNombre\": \"LeerPaginadoAvanzado\", \"operacionNombreIlustrativo\": \"Leer Paginado Avanzado\"}, {\"id\": 300, \"seccionId\": 29, \"operacionId\": 2, \"nombreSeccion\": \"MovimientoEntrada\", \"operacionNombre\": \"Crear\", \"operacionNombreIlustrativo\": \"Crear\"}, {\"id\": 301, \"seccionId\": 29, \"operacionId\": 3, \"nombreSeccion\": \"MovimientoEntrada\", \"operacionNombre\": \"Modificar\", \"operacionNombreIlustrativo\": \"Modificar\"}]}, {\"seccion\": {\"id\": 7, \"nombre\": \"Impuesto\"}, \"operaciones\": [{\"id\": 302, \"seccionId\": 7, \"operacionId\": 29, \"nombreSeccion\": \"Impuesto\", \"operacionNombre\": \"LeerPorFiltro\", \"operacionNombreIlustrativo\": \"Leer Por Filtro\"}, {\"id\": 29, \"seccionId\": 7, \"operacionId\": 1, \"nombreSeccion\": \"Impuesto\", \"operacionNombre\": \"Leer\", \"operacionNombreIlustrativo\": \"Leer\"}, {\"id\": 109, \"seccionId\": 7, \"operacionId\": 25, \"nombreSeccion\": \"Impuesto\", \"operacionNombre\": \"LeerPorId\", \"operacionNombreIlustrativo\": \"Leer Por Id\"}, {\"id\": 89, \"seccionId\": 7, \"operacionId\": 24, \"nombreSeccion\": \"Impuesto\", \"operacionNombre\": \"LeerTodos\", \"operacionNombreIlustrativo\": \"Leer Todos\"}]}, {\"seccion\": {\"id\": 33, \"nombre\": \"ProductoUnidades\"}, \"operaciones\": [{\"id\": 303, \"seccionId\": 33, \"operacionId\": 1, \"nombreSeccion\": \"ProductoUnidades\", \"operacionNombre\": \"Leer\", \"operacionNombreIlustrativo\": \"Leer\"}]}, {\"seccion\": {\"id\": 38, \"nombre\": \"Menu\"}, \"operaciones\": [{\"id\": 387, \"seccionId\": 38, \"operacionId\": 65, \"nombreSeccion\": \"Menu\", \"operacionNombre\": \"Movimientos\", \"operacionNombreIlustrativo\": \"Movimientos\"}, {\"id\": 388, \"seccionId\": 38, \"operacionId\": 66, \"nombreSeccion\": \"Menu\", \"operacionNombre\": \"Movimientos-MovimientoEntrada\", \"operacionNombreIlustrativo\": \"Movimientos-MovimientoEntrada\"}]}]',''),(25,29,'[{\"seccion\": {\"id\": 4, \"nombre\": \"Producto\"}, \"operaciones\": [{\"id\": 201, \"seccionId\": 4, \"operacionId\": 29, \"nombreSeccion\": \"Producto\", \"operacionNombre\": \"LeerPorFiltro\", \"operacionNombreIlustrativo\": \"Leer Por Filtro\"}]}, {\"seccion\": {\"id\": 33, \"nombre\": \"ProductoUnidades\"}, \"operaciones\": [{\"id\": 303, \"seccionId\": 33, \"operacionId\": 1, \"nombreSeccion\": \"ProductoUnidades\", \"operacionNombre\": \"Leer\", \"operacionNombreIlustrativo\": \"Leer\"}]}, {\"seccion\": {\"id\": 16, \"nombre\": \"Localidad\"}, \"operaciones\": [{\"id\": 58, \"seccionId\": 16, \"operacionId\": 1, \"nombreSeccion\": \"Localidad\", \"operacionNombre\": \"Leer\", \"operacionNombreIlustrativo\": \"Leer\"}, {\"id\": 97, \"seccionId\": 16, \"operacionId\": 24, \"nombreSeccion\": \"Localidad\", \"operacionNombre\": \"LeerTodos\", \"operacionNombreIlustrativo\": \"Leer Todos\"}, {\"id\": 117, \"seccionId\": 16, \"operacionId\": 25, \"nombreSeccion\": \"Localidad\", \"operacionNombre\": \"LeerPorId\", \"operacionNombreIlustrativo\": \"Leer Por Id\"}]}, {\"seccion\": {\"id\": 11, \"nombre\": \"Almacen\"}, \"operaciones\": [{\"id\": 45, \"seccionId\": 11, \"operacionId\": 1, \"nombreSeccion\": \"Almacen\", \"operacionNombre\": \"Leer\", \"operacionNombreIlustrativo\": \"Leer\"}, {\"id\": 112, \"seccionId\": 11, \"operacionId\": 25, \"nombreSeccion\": \"Almacen\", \"operacionNombre\": \"LeerPorId\", \"operacionNombreIlustrativo\": \"Leer Por Id\"}, {\"id\": 92, \"seccionId\": 11, \"operacionId\": 24, \"nombreSeccion\": \"Almacen\", \"operacionNombre\": \"LeerTodos\", \"operacionNombreIlustrativo\": \"Leer Todos\"}]}, {\"seccion\": {\"id\": 32, \"nombre\": \"TransferenciaAlmacen\"}, \"operaciones\": [{\"id\": 285, \"seccionId\": 32, \"operacionId\": 1, \"nombreSeccion\": \"TransferenciaAlmacen\", \"operacionNombre\": \"Leer\", \"operacionNombreIlustrativo\": \"Leer\"}, {\"id\": 292, \"seccionId\": 32, \"operacionId\": 19, \"nombreSeccion\": \"TransferenciaAlmacen\", \"operacionNombre\": \"RegistrarTransferencias\", \"operacionNombreIlustrativo\": \"Registrar Transferencias\"}, {\"id\": 293, \"seccionId\": 32, \"operacionId\": 16, \"nombreSeccion\": \"TransferenciaAlmacen\", \"operacionNombre\": \"ImprimirTransferencia\", \"operacionNombreIlustrativo\": \"Imprimir Transferencia\"}, {\"id\": 294, \"seccionId\": 32, \"operacionId\": 24, \"nombreSeccion\": \"TransferenciaAlmacen\", \"operacionNombre\": \"LeerTodos\", \"operacionNombreIlustrativo\": \"Leer Todos\"}, {\"id\": 295, \"seccionId\": 32, \"operacionId\": 25, \"nombreSeccion\": \"TransferenciaAlmacen\", \"operacionNombre\": \"LeerPorId\", \"operacionNombreIlustrativo\": \"Leer Por Id\"}, {\"id\": 296, \"seccionId\": 32, \"operacionId\": 26, \"nombreSeccion\": \"TransferenciaAlmacen\", \"operacionNombre\": \"LeerPaginadoBasico\", \"operacionNombreIlustrativo\": \"Leer Paginado Basico\"}, {\"id\": 297, \"seccionId\": 32, \"operacionId\": 27, \"nombreSeccion\": \"TransferenciaAlmacen\", \"operacionNombre\": \"LeerPaginadoPorActivos\", \"operacionNombreIlustrativo\": \"Leer Paginado Por Activos\"}, {\"id\": 298, \"seccionId\": 32, \"operacionId\": 28, \"nombreSeccion\": \"TransferenciaAlmacen\", \"operacionNombre\": \"LeerPaginadoAvanzado\", \"operacionNombreIlustrativo\": \"Leer Paginado Avanzado\"}, {\"id\": 318, \"seccionId\": 32, \"operacionId\": 29, \"nombreSeccion\": \"TransferenciaAlmacen\", \"operacionNombre\": \"LeerPorFiltro\", \"operacionNombreIlustrativo\": \"Leer Por Filtro\"}]}, {\"seccion\": {\"id\": 13, \"nombre\": \"AlmacenProducto\"}, \"operaciones\": [{\"id\": 320, \"seccionId\": 13, \"operacionId\": 1, \"nombreSeccion\": \"AlmacenProducto\", \"operacionNombre\": \"Leer\", \"operacionNombreIlustrativo\": \"Leer\"}]}, {\"seccion\": {\"id\": 22, \"nombre\": \"Unidades\"}, \"operaciones\": [{\"id\": 75, \"seccionId\": 22, \"operacionId\": 1, \"nombreSeccion\": \"Unidades\", \"operacionNombre\": \"Leer\", \"operacionNombreIlustrativo\": \"Leer\"}, {\"id\": 122, \"seccionId\": 22, \"operacionId\": 25, \"nombreSeccion\": \"Unidades\", \"operacionNombre\": \"LeerPorId\", \"operacionNombreIlustrativo\": \"Leer Por Id\"}, {\"id\": 102, \"seccionId\": 22, \"operacionId\": 24, \"nombreSeccion\": \"Unidades\", \"operacionNombre\": \"LeerTodos\", \"operacionNombreIlustrativo\": \"Leer Todos\"}]}, {\"seccion\": {\"id\": 38, \"nombre\": \"Menu\"}, \"operaciones\": [{\"id\": 387, \"seccionId\": 38, \"operacionId\": 65, \"nombreSeccion\": \"Menu\", \"operacionNombre\": \"Movimientos\", \"operacionNombreIlustrativo\": \"Movimientos\"}, {\"id\": 389, \"seccionId\": 38, \"operacionId\": 67, \"nombreSeccion\": \"Menu\", \"operacionNombre\": \"Movimientos-TransferenciaAlmacen\", \"operacionNombreIlustrativo\": \"Movimientos-TransferenciaAlmacen\"}]}]',''),(26,30,'[{\"seccion\": {\"id\": 8, \"nombre\": \"Factura\"}, \"operaciones\": [{\"id\": 110, \"seccionId\": 8, \"operacionId\": 25, \"nombreSeccion\": \"Factura\", \"operacionNombre\": \"LeerPorId\", \"operacionNombreIlustrativo\": \"Leer Por Id\"}, {\"id\": 321, \"seccionId\": 8, \"operacionId\": 29, \"nombreSeccion\": \"Factura\", \"operacionNombre\": \"LeerPorFiltro\", \"operacionNombreIlustrativo\": \"Leer Por Filtro\"}, {\"id\": 33, \"seccionId\": 8, \"operacionId\": 1, \"nombreSeccion\": \"Factura\", \"operacionNombre\": \"Leer\", \"operacionNombreIlustrativo\": \"Leer\"}]}, {\"seccion\": {\"id\": 31, \"nombre\": \"MovimientoDevolucionCliente\"}, \"operaciones\": [{\"id\": 272, \"seccionId\": 31, \"operacionId\": 13, \"nombreSeccion\": \"MovimientoDevolucionCliente\", \"operacionNombre\": \"RegistrarEntradas\", \"operacionNombreIlustrativo\": \"Registrar Entradas\"}, {\"id\": 275, \"seccionId\": 31, \"operacionId\": 11, \"nombreSeccion\": \"MovimientoDevolucionCliente\", \"operacionNombre\": \"RegistrarSalidas\", \"operacionNombreIlustrativo\": \"Registrar Salidas\"}, {\"id\": 276, \"seccionId\": 31, \"operacionId\": 14, \"nombreSeccion\": \"MovimientoDevolucionCliente\", \"operacionNombre\": \"ImprimirEntrada\", \"operacionNombreIlustrativo\": \"Imprimir Entrada\"}, {\"id\": 277, \"seccionId\": 31, \"operacionId\": 19, \"nombreSeccion\": \"MovimientoDevolucionCliente\", \"operacionNombre\": \"RegistrarTransferencias\", \"operacionNombreIlustrativo\": \"Registrar Transferencias\"}, {\"id\": 278, \"seccionId\": 31, \"operacionId\": 16, \"nombreSeccion\": \"MovimientoDevolucionCliente\", \"operacionNombre\": \"ImprimirTransferencia\", \"operacionNombreIlustrativo\": \"Imprimir Transferencia\"}, {\"id\": 270, \"seccionId\": 31, \"operacionId\": 1, \"nombreSeccion\": \"MovimientoDevolucionCliente\", \"operacionNombre\": \"Leer\", \"operacionNombreIlustrativo\": \"Leer\"}, {\"id\": 271, \"seccionId\": 31, \"operacionId\": 18, \"nombreSeccion\": \"MovimientoDevolucionCliente\", \"operacionNombre\": \"IngresarDevolucionCliente\", \"operacionNombreIlustrativo\": \"Ingresar Devolucion Cliente\"}, {\"id\": 274, \"seccionId\": 31, \"operacionId\": 12, \"nombreSeccion\": \"MovimientoDevolucionCliente\", \"operacionNombre\": \"ImprimirDevolucion\", \"operacionNombreIlustrativo\": \"Imprimir Devolucion\"}, {\"id\": 279, \"seccionId\": 31, \"operacionId\": 24, \"nombreSeccion\": \"MovimientoDevolucionCliente\", \"operacionNombre\": \"LeerTodos\", \"operacionNombreIlustrativo\": \"Leer Todos\"}, {\"id\": 280, \"seccionId\": 31, \"operacionId\": 25, \"nombreSeccion\": \"MovimientoDevolucionCliente\", \"operacionNombre\": \"LeerPorId\", \"operacionNombreIlustrativo\": \"Leer Por Id\"}, {\"id\": 281, \"seccionId\": 31, \"operacionId\": 26, \"nombreSeccion\": \"MovimientoDevolucionCliente\", \"operacionNombre\": \"LeerPaginadoBasico\", \"operacionNombreIlustrativo\": \"Leer Paginado Basico\"}, {\"id\": 282, \"seccionId\": 31, \"operacionId\": 27, \"nombreSeccion\": \"MovimientoDevolucionCliente\", \"operacionNombre\": \"LeerPaginadoPorActivos\", \"operacionNombreIlustrativo\": \"Leer Paginado Por Activos\"}, {\"id\": 283, \"seccionId\": 31, \"operacionId\": 28, \"nombreSeccion\": \"MovimientoDevolucionCliente\", \"operacionNombre\": \"LeerPaginadoAvanzado\", \"operacionNombreIlustrativo\": \"Leer Paginado Avanzado\"}, {\"id\": 322, \"seccionId\": 31, \"operacionId\": 29, \"nombreSeccion\": \"MovimientoDevolucionCliente\", \"operacionNombre\": \"LeerPorFiltro\", \"operacionNombreIlustrativo\": \"Leer Por Filtro\"}]}, {\"seccion\": {\"id\": 38, \"nombre\": \"Menu\"}, \"operaciones\": [{\"id\": 387, \"seccionId\": 38, \"operacionId\": 65, \"nombreSeccion\": \"Menu\", \"operacionNombre\": \"Movimientos\", \"operacionNombreIlustrativo\": \"Movimientos\"}, {\"id\": 390, \"seccionId\": 38, \"operacionId\": 68, \"nombreSeccion\": \"Menu\", \"operacionNombre\": \"Movimientos-DevolucionCliente\", \"operacionNombreIlustrativo\": \"Movimientos-DevolucionCliente\"}]}]',''),(27,31,'[{\"seccion\": {\"id\": 30, \"nombre\": \"MovimientoDevolucion\"}, \"operaciones\": [{\"id\": 257, \"seccionId\": 30, \"operacionId\": 13, \"nombreSeccion\": \"MovimientoDevolucion\", \"operacionNombre\": \"RegistrarEntradas\", \"operacionNombreIlustrativo\": \"Registrar Entradas\"}, {\"id\": 260, \"seccionId\": 30, \"operacionId\": 11, \"nombreSeccion\": \"MovimientoDevolucion\", \"operacionNombre\": \"RegistrarSalidas\", \"operacionNombreIlustrativo\": \"Registrar Salidas\"}, {\"id\": 261, \"seccionId\": 30, \"operacionId\": 14, \"nombreSeccion\": \"MovimientoDevolucion\", \"operacionNombre\": \"ImprimirEntrada\", \"operacionNombreIlustrativo\": \"Imprimir Entrada\"}, {\"id\": 262, \"seccionId\": 30, \"operacionId\": 19, \"nombreSeccion\": \"MovimientoDevolucion\", \"operacionNombre\": \"RegistrarTransferencias\", \"operacionNombreIlustrativo\": \"Registrar Transferencias\"}, {\"id\": 263, \"seccionId\": 30, \"operacionId\": 16, \"nombreSeccion\": \"MovimientoDevolucion\", \"operacionNombre\": \"ImprimirTransferencia\", \"operacionNombreIlustrativo\": \"Imprimir Transferencia\"}, {\"id\": 255, \"seccionId\": 30, \"operacionId\": 1, \"nombreSeccion\": \"MovimientoDevolucion\", \"operacionNombre\": \"Leer\", \"operacionNombreIlustrativo\": \"Leer\"}, {\"id\": 256, \"seccionId\": 30, \"operacionId\": 18, \"nombreSeccion\": \"MovimientoDevolucion\", \"operacionNombre\": \"IngresarDevolucionCliente\", \"operacionNombreIlustrativo\": \"Ingresar Devolucion Cliente\"}, {\"id\": 259, \"seccionId\": 30, \"operacionId\": 12, \"nombreSeccion\": \"MovimientoDevolucion\", \"operacionNombre\": \"ImprimirDevolucion\", \"operacionNombreIlustrativo\": \"Imprimir Devolucion\"}, {\"id\": 264, \"seccionId\": 30, \"operacionId\": 24, \"nombreSeccion\": \"MovimientoDevolucion\", \"operacionNombre\": \"LeerTodos\", \"operacionNombreIlustrativo\": \"Leer Todos\"}, {\"id\": 265, \"seccionId\": 30, \"operacionId\": 25, \"nombreSeccion\": \"MovimientoDevolucion\", \"operacionNombre\": \"LeerPorId\", \"operacionNombreIlustrativo\": \"Leer Por Id\"}, {\"id\": 266, \"seccionId\": 30, \"operacionId\": 26, \"nombreSeccion\": \"MovimientoDevolucion\", \"operacionNombre\": \"LeerPaginadoBasico\", \"operacionNombreIlustrativo\": \"Leer Paginado Basico\"}, {\"id\": 267, \"seccionId\": 30, \"operacionId\": 27, \"nombreSeccion\": \"MovimientoDevolucion\", \"operacionNombre\": \"LeerPaginadoPorActivos\", \"operacionNombreIlustrativo\": \"Leer Paginado Por Activos\"}, {\"id\": 268, \"seccionId\": 30, \"operacionId\": 28, \"nombreSeccion\": \"MovimientoDevolucion\", \"operacionNombre\": \"LeerPaginadoAvanzado\", \"operacionNombreIlustrativo\": \"Leer Paginado Avanzado\"}, {\"id\": 323, \"seccionId\": 30, \"operacionId\": 29, \"nombreSeccion\": \"MovimientoDevolucion\", \"operacionNombre\": \"LeerPorFiltro\", \"operacionNombreIlustrativo\": \"Leer Por Filtro\"}]}, {\"seccion\": {\"id\": 4, \"nombre\": \"Producto\"}, \"operaciones\": [{\"id\": 201, \"seccionId\": 4, \"operacionId\": 29, \"nombreSeccion\": \"Producto\", \"operacionNombre\": \"LeerPorFiltro\", \"operacionNombreIlustrativo\": \"Leer Por Filtro\"}]}, {\"seccion\": {\"id\": 11, \"nombre\": \"Almacen\"}, \"operaciones\": [{\"id\": 92, \"seccionId\": 11, \"operacionId\": 24, \"nombreSeccion\": \"Almacen\", \"operacionNombre\": \"LeerTodos\", \"operacionNombreIlustrativo\": \"Leer Todos\"}, {\"id\": 45, \"seccionId\": 11, \"operacionId\": 1, \"nombreSeccion\": \"Almacen\", \"operacionNombre\": \"Leer\", \"operacionNombreIlustrativo\": \"Leer\"}]}, {\"seccion\": {\"id\": 16, \"nombre\": \"Localidad\"}, \"operaciones\": [{\"id\": 58, \"seccionId\": 16, \"operacionId\": 1, \"nombreSeccion\": \"Localidad\", \"operacionNombre\": \"Leer\", \"operacionNombreIlustrativo\": \"Leer\"}, {\"id\": 97, \"seccionId\": 16, \"operacionId\": 24, \"nombreSeccion\": \"Localidad\", \"operacionNombre\": \"LeerTodos\", \"operacionNombreIlustrativo\": \"Leer Todos\"}]}, {\"seccion\": {\"id\": 33, \"nombre\": \"ProductoUnidades\"}, \"operaciones\": [{\"id\": 312, \"seccionId\": 33, \"operacionId\": 29, \"nombreSeccion\": \"ProductoUnidades\", \"operacionNombre\": \"LeerPorFiltro\", \"operacionNombreIlustrativo\": \"Leer Por Filtro\"}, {\"id\": 303, \"seccionId\": 33, \"operacionId\": 1, \"nombreSeccion\": \"ProductoUnidades\", \"operacionNombre\": \"Leer\", \"operacionNombreIlustrativo\": \"Leer\"}, {\"id\": 308, \"seccionId\": 33, \"operacionId\": 25, \"nombreSeccion\": \"ProductoUnidades\", \"operacionNombre\": \"LeerPorId\", \"operacionNombreIlustrativo\": \"Leer Por Id\"}, {\"id\": 307, \"seccionId\": 33, \"operacionId\": 24, \"nombreSeccion\": \"ProductoUnidades\", \"operacionNombre\": \"LeerTodos\", \"operacionNombreIlustrativo\": \"Leer Todos\"}]}, {\"seccion\": {\"id\": 7, \"nombre\": \"Impuesto\"}, \"operaciones\": [{\"id\": 302, \"seccionId\": 7, \"operacionId\": 29, \"nombreSeccion\": \"Impuesto\", \"operacionNombre\": \"LeerPorFiltro\", \"operacionNombreIlustrativo\": \"Leer Por Filtro\"}, {\"id\": 89, \"seccionId\": 7, \"operacionId\": 24, \"nombreSeccion\": \"Impuesto\", \"operacionNombre\": \"LeerTodos\", \"operacionNombreIlustrativo\": \"Leer Todos\"}, {\"id\": 29, \"seccionId\": 7, \"operacionId\": 1, \"nombreSeccion\": \"Impuesto\", \"operacionNombre\": \"Leer\", \"operacionNombreIlustrativo\": \"Leer\"}]}, {\"seccion\": {\"id\": 20, \"nombre\": \"Suplidor\"}, \"operaciones\": [{\"id\": 206, \"seccionId\": 20, \"operacionId\": 29, \"nombreSeccion\": \"Suplidor\", \"operacionNombre\": \"LeerPorFiltro\", \"operacionNombreIlustrativo\": \"Leer Por Filtro\"}, {\"id\": 120, \"seccionId\": 20, \"operacionId\": 25, \"nombreSeccion\": \"Suplidor\", \"operacionNombre\": \"LeerPorId\", \"operacionNombreIlustrativo\": \"Leer Por Id\"}]}, {\"seccion\": {\"id\": 22, \"nombre\": \"Unidades\"}, \"operaciones\": [{\"id\": 75, \"seccionId\": 22, \"operacionId\": 1, \"nombreSeccion\": \"Unidades\", \"operacionNombre\": \"Leer\", \"operacionNombreIlustrativo\": \"Leer\"}, {\"id\": 102, \"seccionId\": 22, \"operacionId\": 24, \"nombreSeccion\": \"Unidades\", \"operacionNombre\": \"LeerTodos\", \"operacionNombreIlustrativo\": \"Leer Todos\"}]}, {\"seccion\": {\"id\": 38, \"nombre\": \"Menu\"}, \"operaciones\": [{\"id\": 387, \"seccionId\": 38, \"operacionId\": 65, \"nombreSeccion\": \"Menu\", \"operacionNombre\": \"Movimientos\", \"operacionNombreIlustrativo\": \"Movimientos\"}, {\"id\": 391, \"seccionId\": 38, \"operacionId\": 69, \"nombreSeccion\": \"Menu\", \"operacionNombre\": \"Movimientos-MovimientoDevolucion\", \"operacionNombreIlustrativo\": \"Movimientos-MovimientoDevolucion\"}]}]',''),(28,32,'[{\"seccion\": {\"id\": 16, \"nombre\": \"Localidad\"}, \"operaciones\": [{\"id\": 58, \"seccionId\": 16, \"operacionId\": 1, \"nombreSeccion\": \"Localidad\", \"operacionNombre\": \"Leer\", \"operacionNombreIlustrativo\": \"Leer\"}, {\"id\": 97, \"seccionId\": 16, \"operacionId\": 24, \"nombreSeccion\": \"Localidad\", \"operacionNombre\": \"LeerTodos\", \"operacionNombreIlustrativo\": \"Leer Todos\"}]}, {\"seccion\": {\"id\": 11, \"nombre\": \"Almacen\"}, \"operaciones\": [{\"id\": 45, \"seccionId\": 11, \"operacionId\": 1, \"nombreSeccion\": \"Almacen\", \"operacionNombre\": \"Leer\", \"operacionNombreIlustrativo\": \"Leer\"}, {\"id\": 92, \"seccionId\": 11, \"operacionId\": 24, \"nombreSeccion\": \"Almacen\", \"operacionNombre\": \"LeerTodos\", \"operacionNombreIlustrativo\": \"Leer Todos\"}]}, {\"seccion\": {\"id\": 26, \"nombre\": \"Caja\"}, \"operaciones\": [{\"id\": 207, \"seccionId\": 26, \"operacionId\": 1, \"nombreSeccion\": \"Caja\", \"operacionNombre\": \"Leer\", \"operacionNombreIlustrativo\": \"Leer\"}, {\"id\": 211, \"seccionId\": 26, \"operacionId\": 24, \"nombreSeccion\": \"Caja\", \"operacionNombre\": \"LeerTodos\", \"operacionNombreIlustrativo\": \"Leer Todos\"}]}, {\"seccion\": {\"id\": 23, \"nombre\": \"Usuarios\"}, \"operaciones\": [{\"id\": 79, \"seccionId\": 23, \"operacionId\": 1, \"nombreSeccion\": \"Usuarios\", \"operacionNombre\": \"Leer\", \"operacionNombreIlustrativo\": \"Leer\"}, {\"id\": 80, \"seccionId\": 23, \"operacionId\": 2, \"nombreSeccion\": \"Usuarios\", \"operacionNombre\": \"Crear\", \"operacionNombreIlustrativo\": \"Crear\"}, {\"id\": 81, \"seccionId\": 23, \"operacionId\": 3, \"nombreSeccion\": \"Usuarios\", \"operacionNombre\": \"Modificar\", \"operacionNombreIlustrativo\": \"Modificar\"}, {\"id\": 83, \"seccionId\": 23, \"operacionId\": 17, \"nombreSeccion\": \"Usuarios\", \"operacionNombre\": \"CambiarContrasena\", \"operacionNombreIlustrativo\": \"Cambiar Contrasena\"}, {\"id\": 103, \"seccionId\": 23, \"operacionId\": 24, \"nombreSeccion\": \"Usuarios\", \"operacionNombre\": \"LeerTodos\", \"operacionNombreIlustrativo\": \"Leer Todos\"}, {\"id\": 123, \"seccionId\": 23, \"operacionId\": 25, \"nombreSeccion\": \"Usuarios\", \"operacionNombre\": \"LeerPorId\", \"operacionNombreIlustrativo\": \"Leer Por Id\"}, {\"id\": 143, \"seccionId\": 23, \"operacionId\": 26, \"nombreSeccion\": \"Usuarios\", \"operacionNombre\": \"LeerPaginadoBasico\", \"operacionNombreIlustrativo\": \"Leer Paginado Basico\"}, {\"id\": 163, \"seccionId\": 23, \"operacionId\": 27, \"nombreSeccion\": \"Usuarios\", \"operacionNombre\": \"LeerPaginadoPorActivos\", \"operacionNombreIlustrativo\": \"Leer Paginado Por Activos\"}, {\"id\": 183, \"seccionId\": 23, \"operacionId\": 28, \"nombreSeccion\": \"Usuarios\", \"operacionNombre\": \"LeerPaginadoAvanzado\", \"operacionNombreIlustrativo\": \"Leer Paginado Avanzado\"}]}, {\"seccion\": {\"id\": 35, \"nombre\": \"Roles\"}, \"operaciones\": [{\"id\": 324, \"seccionId\": 35, \"operacionId\": 1, \"nombreSeccion\": \"Roles\", \"operacionNombre\": \"Leer\", \"operacionNombreIlustrativo\": \"Leer\"}, {\"id\": 330, \"seccionId\": 35, \"operacionId\": 25, \"nombreSeccion\": \"Roles\", \"operacionNombre\": \"LeerPorId\", \"operacionNombreIlustrativo\": \"Leer Por Id\"}, {\"id\": 329, \"seccionId\": 35, \"operacionId\": 24, \"nombreSeccion\": \"Roles\", \"operacionNombre\": \"LeerTodos\", \"operacionNombreIlustrativo\": \"Leer Todos\"}, {\"id\": 340, \"seccionId\": 35, \"operacionId\": 29, \"nombreSeccion\": \"Roles\", \"operacionNombre\": \"LeerPorFiltro\", \"operacionNombreIlustrativo\": \"Leer Por Filtro\"}, {\"id\": 339, \"seccionId\": 35, \"operacionId\": 30, \"nombreSeccion\": \"Roles\", \"operacionNombre\": \"AsignarRoleUsuario\", \"operacionNombreIlustrativo\": \"Asignar Rol Usuario\"}]}, {\"seccion\": {\"id\": 38, \"nombre\": \"Menu\"}, \"operaciones\": [{\"id\": 392, \"seccionId\": 38, \"operacionId\": 70, \"nombreSeccion\": \"Menu\", \"operacionNombre\": \"Usuarios\", \"operacionNombreIlustrativo\": \"Usuarios\"}, {\"id\": 393, \"seccionId\": 38, \"operacionId\": 71, \"nombreSeccion\": \"Menu\", \"operacionNombre\": \"Usuarios-Usuarios\", \"operacionNombreIlustrativo\": \"Usuarios-Usuarios\"}]}]',''),(29,33,'[{\"seccion\": {\"id\": 35, \"nombre\": \"Roles\"}, \"operaciones\": [{\"id\": 324, \"seccionId\": 35, \"operacionId\": 1, \"nombreSeccion\": \"Roles\", \"operacionNombre\": \"Leer\", \"operacionNombreIlustrativo\": \"Leer\"}, {\"id\": 325, \"seccionId\": 35, \"operacionId\": 2, \"nombreSeccion\": \"Roles\", \"operacionNombre\": \"Crear\", \"operacionNombreIlustrativo\": \"Crear\"}, {\"id\": 326, \"seccionId\": 35, \"operacionId\": 3, \"nombreSeccion\": \"Roles\", \"operacionNombre\": \"Modificar\", \"operacionNombreIlustrativo\": \"Modificar\"}, {\"id\": 329, \"seccionId\": 35, \"operacionId\": 24, \"nombreSeccion\": \"Roles\", \"operacionNombre\": \"LeerTodos\", \"operacionNombreIlustrativo\": \"Leer Todos\"}, {\"id\": 330, \"seccionId\": 35, \"operacionId\": 25, \"nombreSeccion\": \"Roles\", \"operacionNombre\": \"LeerPorId\", \"operacionNombreIlustrativo\": \"Leer Por Id\"}, {\"id\": 331, \"seccionId\": 35, \"operacionId\": 26, \"nombreSeccion\": \"Roles\", \"operacionNombre\": \"LeerPaginadoBasico\", \"operacionNombreIlustrativo\": \"Leer Paginado Basico\"}, {\"id\": 332, \"seccionId\": 35, \"operacionId\": 27, \"nombreSeccion\": \"Roles\", \"operacionNombre\": \"LeerPaginadoPorActivos\", \"operacionNombreIlustrativo\": \"Leer Paginado Por Activos\"}, {\"id\": 333, \"seccionId\": 35, \"operacionId\": 28, \"nombreSeccion\": \"Roles\", \"operacionNombre\": \"LeerPaginadoAvanzado\", \"operacionNombreIlustrativo\": \"Leer Paginado Avanzado\"}, {\"id\": 339, \"seccionId\": 35, \"operacionId\": 30, \"nombreSeccion\": \"Roles\", \"operacionNombre\": \"AsignarRoleUsuario\", \"operacionNombreIlustrativo\": \"Asignar Rol Usuario\"}, {\"id\": 340, \"seccionId\": 35, \"operacionId\": 29, \"nombreSeccion\": \"Roles\", \"operacionNombre\": \"LeerPorFiltro\", \"operacionNombreIlustrativo\": \"Leer Por Filtro\"}]}, {\"seccion\": {\"id\": 36, \"nombre\": \"Secciones\"}, \"operaciones\": [{\"id\": 341, \"seccionId\": 36, \"operacionId\": 1, \"nombreSeccion\": \"Secciones\", \"operacionNombre\": \"Leer\", \"operacionNombreIlustrativo\": \"Leer\"}, {\"id\": 342, \"seccionId\": 36, \"operacionId\": 24, \"nombreSeccion\": \"Secciones\", \"operacionNombre\": \"LeerTodos\", \"operacionNombreIlustrativo\": \"Leer Todos\"}, {\"id\": 343, \"seccionId\": 36, \"operacionId\": 25, \"nombreSeccion\": \"Secciones\", \"operacionNombre\": \"LeerPorId\", \"operacionNombreIlustrativo\": \"Leer Por Id\"}, {\"id\": 344, \"seccionId\": 36, \"operacionId\": 26, \"nombreSeccion\": \"Secciones\", \"operacionNombre\": \"LeerPaginadoBasico\", \"operacionNombreIlustrativo\": \"Leer Paginado Basico\"}, {\"id\": 345, \"seccionId\": 36, \"operacionId\": 27, \"nombreSeccion\": \"Secciones\", \"operacionNombre\": \"LeerPaginadoPorActivos\", \"operacionNombreIlustrativo\": \"Leer Paginado Por Activos\"}, {\"id\": 346, \"seccionId\": 36, \"operacionId\": 28, \"nombreSeccion\": \"Secciones\", \"operacionNombre\": \"LeerPaginadoAvanzado\", \"operacionNombreIlustrativo\": \"Leer Paginado Avanzado\"}, {\"id\": 347, \"seccionId\": 36, \"operacionId\": 29, \"nombreSeccion\": \"Secciones\", \"operacionNombre\": \"LeerPorFiltro\", \"operacionNombreIlustrativo\": \"Leer Por Filtro\"}]}, {\"seccion\": {\"id\": 37, \"nombre\": \"Operaciones\"}, \"operaciones\": [{\"id\": 348, \"seccionId\": 37, \"operacionId\": 1, \"nombreSeccion\": \"Operaciones\", \"operacionNombre\": \"Leer\", \"operacionNombreIlustrativo\": \"Leer\"}, {\"id\": 349, \"seccionId\": 37, \"operacionId\": 24, \"nombreSeccion\": \"Operaciones\", \"operacionNombre\": \"LeerTodos\", \"operacionNombreIlustrativo\": \"Leer Todos\"}, {\"id\": 350, \"seccionId\": 37, \"operacionId\": 25, \"nombreSeccion\": \"Operaciones\", \"operacionNombre\": \"LeerPorId\", \"operacionNombreIlustrativo\": \"Leer Por Id\"}, {\"id\": 351, \"seccionId\": 37, \"operacionId\": 26, \"nombreSeccion\": \"Operaciones\", \"operacionNombre\": \"LeerPaginadoBasico\", \"operacionNombreIlustrativo\": \"Leer Paginado Basico\"}, {\"id\": 352, \"seccionId\": 37, \"operacionId\": 27, \"nombreSeccion\": \"Operaciones\", \"operacionNombre\": \"LeerPaginadoPorActivos\", \"operacionNombreIlustrativo\": \"Leer Paginado Por Activos\"}, {\"id\": 353, \"seccionId\": 37, \"operacionId\": 28, \"nombreSeccion\": \"Operaciones\", \"operacionNombre\": \"LeerPaginadoAvanzado\", \"operacionNombreIlustrativo\": \"Leer Paginado Avanzado\"}, {\"id\": 354, \"seccionId\": 37, \"operacionId\": 29, \"nombreSeccion\": \"Operaciones\", \"operacionNombre\": \"LeerPorFiltro\", \"operacionNombreIlustrativo\": \"Leer Por Filtro\"}]}, {\"seccion\": {\"id\": 1, \"nombre\": \"Permisos\"}, \"operaciones\": [{\"id\": 1, \"seccionId\": 1, \"operacionId\": 1, \"nombreSeccion\": \"Permisos\", \"operacionNombre\": \"Leer\", \"operacionNombreIlustrativo\": \"Leer\"}, {\"id\": 84, \"seccionId\": 1, \"operacionId\": 24, \"nombreSeccion\": \"Permisos\", \"operacionNombre\": \"LeerTodos\", \"operacionNombreIlustrativo\": \"Leer Todos\"}, {\"id\": 104, \"seccionId\": 1, \"operacionId\": 25, \"nombreSeccion\": \"Permisos\", \"operacionNombre\": \"LeerPorId\", \"operacionNombreIlustrativo\": \"Leer Por Id\"}, {\"id\": 124, \"seccionId\": 1, \"operacionId\": 26, \"nombreSeccion\": \"Permisos\", \"operacionNombre\": \"LeerPaginadoBasico\", \"operacionNombreIlustrativo\": \"Leer Paginado Basico\"}, {\"id\": 164, \"seccionId\": 1, \"operacionId\": 28, \"nombreSeccion\": \"Permisos\", \"operacionNombre\": \"LeerPaginadoAvanzado\", \"operacionNombreIlustrativo\": \"Leer Paginado Avanzado\"}]}, {\"seccion\": {\"id\": 38, \"nombre\": \"Menu\"}, \"operaciones\": [{\"id\": 392, \"seccionId\": 38, \"operacionId\": 70, \"nombreSeccion\": \"Menu\", \"operacionNombre\": \"Usuarios\", \"operacionNombreIlustrativo\": \"Usuarios\"}, {\"id\": 394, \"seccionId\": 38, \"operacionId\": 72, \"nombreSeccion\": \"Menu\", \"operacionNombre\": \"Usuarios-Roles\", \"operacionNombreIlustrativo\": \"Usuarios-Roles\"}]}]',''),(31,22,'[{\"seccion\": {\"id\": 4, \"nombre\": \"Producto\"}, \"operaciones\": [{\"id\": 22, \"seccionId\": 4, \"operacionId\": 15, \"nombreSeccion\": \"Producto\", \"operacionNombre\": \"MovimientosProducto\", \"operacionNombreIlustrativo\": \"Movimientos Producto\"}, {\"id\": 201, \"seccionId\": 4, \"operacionId\": 29, \"nombreSeccion\": \"Producto\", \"operacionNombre\": \"LeerPorFiltro\", \"operacionNombreIlustrativo\": \"Leer Por Filtro\"}]}, {\"seccion\": {\"id\": 38, \"nombre\": \"Menu\"}, \"operaciones\": [{\"id\": 379, \"seccionId\": 38, \"operacionId\": 57, \"nombreSeccion\": \"Menu\", \"operacionNombre\": \"Reportes\", \"operacionNombreIlustrativo\": \"Reportes\"}, {\"id\": 383, \"seccionId\": 38, \"operacionId\": 61, \"nombreSeccion\": \"Menu\", \"operacionNombre\": \"Reportes-movimientosProducto\", \"operacionNombreIlustrativo\": \"Reportes-movimientosProducto\"}]}]',''),(32,21,'[{\"seccion\": {\"id\": 11, \"nombre\": \"Almacen\"}, \"operaciones\": [{\"id\": 45, \"seccionId\": 11, \"operacionId\": 1, \"nombreSeccion\": \"Almacen\", \"operacionNombre\": \"Leer\", \"operacionNombreIlustrativo\": \"Leer\"}, {\"id\": 92, \"seccionId\": 11, \"operacionId\": 24, \"nombreSeccion\": \"Almacen\", \"operacionNombre\": \"LeerTodos\", \"operacionNombreIlustrativo\": \"Leer Todos\"}]}, {\"seccion\": {\"id\": 16, \"nombre\": \"Localidad\"}, \"operaciones\": [{\"id\": 358, \"seccionId\": 16, \"operacionId\": 36, \"nombreSeccion\": \"Localidad\", \"operacionNombre\": \"InventarioAlmacenes\", \"operacionNombreIlustrativo\": \"Inventario Almacenes\"}, {\"id\": 97, \"seccionId\": 16, \"operacionId\": 24, \"nombreSeccion\": \"Localidad\", \"operacionNombre\": \"LeerTodos\", \"operacionNombreIlustrativo\": \"Leer Todos\"}, {\"id\": 58, \"seccionId\": 16, \"operacionId\": 1, \"nombreSeccion\": \"Localidad\", \"operacionNombre\": \"Leer\", \"operacionNombreIlustrativo\": \"Leer\"}]}, {\"seccion\": {\"id\": 38, \"nombre\": \"Menu\"}, \"operaciones\": [{\"id\": 379, \"seccionId\": 38, \"operacionId\": 57, \"nombreSeccion\": \"Menu\", \"operacionNombre\": \"Reportes\", \"operacionNombreIlustrativo\": \"Reportes\"}, {\"id\": 382, \"seccionId\": 38, \"operacionId\": 60, \"nombreSeccion\": \"Menu\", \"operacionNombre\": \"Reportes-ReporteInventario\", \"operacionNombreIlustrativo\": \"Reportes-ReporteInventario\"}]}]',''),(33,34,'[{\"seccion\": {\"id\": 38, \"nombre\": \"Menu\"}, \"operaciones\": [{\"id\": 395, \"seccionId\": 38, \"operacionId\": 73, \"nombreSeccion\": \"Menu\", \"operacionNombre\": \"Reportes-estadoCuentaClientes\", \"operacionNombreIlustrativo\": \"Estado de Cuenta\"}]}, {\"seccion\": {\"id\": 8, \"nombre\": \"Factura\"}, \"operaciones\": [{\"id\": 396, \"seccionId\": 8, \"operacionId\": 74, \"nombreSeccion\": \"Factura\", \"operacionNombre\": \"EstadoCuenta\", \"operacionNombreIlustrativo\": \"Estado de Cuenta\"}]}]','');
/*!40000 ALTER TABLE `roleseccion` ENABLE KEYS */;
UNLOCK TABLES;

--
-- Table structure for table `secciones`
--

DROP TABLE IF EXISTS `secciones`;
/*!40101 SET @saved_cs_client     = @@character_set_client */;
/*!40101 SET character_set_client = utf8 */;
CREATE TABLE `secciones` (
  `Id` int(32) NOT NULL AUTO_INCREMENT,
  `Nombre` varchar(100) NOT NULL,
  PRIMARY KEY (`Id`)
) ENGINE=InnoDB AUTO_INCREMENT=39 DEFAULT CHARSET=utf8;
/*!40101 SET character_set_client = @saved_cs_client */;

--
-- Dumping data for table `secciones`
--

LOCK TABLES `secciones` WRITE;
/*!40000 ALTER TABLE `secciones` DISABLE KEYS */;
INSERT INTO `secciones` VALUES (1,'Permisos'),(2,'TarifarioCliente'),(4,'Producto'),(5,'Pago'),(6,'Moneda'),(7,'Impuesto'),(8,'Factura'),(10,'Cliente'),(11,'Almacen'),(12,'Todas'),(13,'AlmacenProducto'),(14,'ControlNCF'),(15,'Gasto'),(16,'Localidad'),(18,'PagoGasto'),(20,'Suplidor'),(21,'TarifarioCliente'),(22,'Unidades'),(23,'Usuarios'),(24,'Cotizacion'),(25,'TipoPago'),(26,'Caja'),(27,'AperturaCaja'),(28,'montosapertura'),(29,'MovimientoEntrada'),(30,'MovimientoDevolucion'),(31,'MovimientoDevolucionCliente'),(32,'TransferenciaAlmacen'),(33,'ProductoUnidades'),(35,'Roles'),(36,'Secciones'),(37,'Operaciones'),(38,'Menu');
/*!40000 ALTER TABLE `secciones` ENABLE KEYS */;
UNLOCK TABLES;

--
-- Table structure for table `seccionoperaciones`
--

DROP TABLE IF EXISTS `seccionoperaciones`;
/*!40101 SET @saved_cs_client     = @@character_set_client */;
/*!40101 SET character_set_client = utf8 */;
CREATE TABLE `seccionoperaciones` (
  `Id` int(32) NOT NULL AUTO_INCREMENT,
  `SeccionId` int(32) NOT NULL,
  `OperacionId` int(32) NOT NULL,
  PRIMARY KEY (`Id`)
) ENGINE=InnoDB AUTO_INCREMENT=397 DEFAULT CHARSET=utf8;
/*!40101 SET character_set_client = @saved_cs_client */;

--
-- Dumping data for table `seccionoperaciones`
--

LOCK TABLES `seccionoperaciones` WRITE;
/*!40000 ALTER TABLE `seccionoperaciones` DISABLE KEYS */;
INSERT INTO `seccionoperaciones` VALUES (1,1,1),(2,1,2),(3,1,3),(4,1,4),(5,2,1),(6,2,2),(7,2,3),(8,2,4),(18,4,1),(19,4,2),(20,4,3),(21,4,4),(22,4,15),(23,5,20),(24,5,1),(25,6,1),(26,6,2),(27,6,3),(28,6,4),(29,7,1),(30,7,2),(31,7,3),(32,7,4),(33,8,1),(34,8,2),(35,8,3),(36,8,4),(37,8,21),(38,8,6),(39,8,7),(40,8,8),(41,10,1),(42,10,2),(43,10,3),(44,10,4),(45,11,1),(46,11,2),(47,11,3),(48,11,4),(49,14,1),(50,14,2),(51,14,3),(52,14,4),(53,15,1),(54,15,2),(55,15,3),(56,15,4),(57,15,9),(58,16,1),(59,16,2),(60,16,3),(61,16,4),(62,18,1),(63,18,22),(64,18,2),(65,18,3),(66,18,4),(67,20,1),(68,20,2),(69,20,3),(70,20,4),(71,21,1),(72,21,2),(73,21,3),(74,21,4),(75,22,1),(76,22,2),(77,22,3),(78,22,4),(79,23,1),(80,23,2),(81,23,3),(82,23,4),(83,23,17),(84,1,24),(85,2,24),(86,4,24),(87,5,24),(88,6,24),(89,7,24),(90,8,24),(91,10,24),(92,11,24),(93,12,24),(94,13,24),(95,14,24),(96,15,24),(97,16,24),(99,18,24),(100,20,24),(101,21,24),(102,22,24),(103,23,24),(104,1,25),(105,2,25),(106,4,25),(107,5,25),(108,6,25),(109,7,25),(110,8,25),(111,10,25),(112,11,25),(113,12,25),(114,13,25),(115,14,25),(116,15,25),(117,16,25),(119,18,25),(120,20,25),(121,21,25),(122,22,25),(123,23,25),(124,1,26),(125,2,26),(126,4,26),(127,5,26),(128,6,26),(129,7,26),(130,8,26),(131,10,26),(132,11,26),(133,12,26),(134,13,26),(135,14,26),(136,15,26),(137,16,26),(139,18,26),(140,20,26),(141,21,26),(142,22,26),(143,23,26),(144,1,27),(145,2,27),(146,4,27),(147,5,27),(148,6,27),(149,7,27),(150,8,27),(151,10,27),(152,11,27),(153,12,27),(154,13,27),(155,14,27),(156,15,27),(157,16,27),(159,18,27),(160,20,27),(161,21,27),(162,22,27),(163,23,27),(164,1,28),(165,2,28),(166,4,28),(167,5,28),(168,6,28),(169,7,28),(170,8,28),(171,10,28),(172,11,28),(173,12,28),(174,13,28),(175,14,28),(176,15,28),(177,16,28),(179,18,28),(180,20,28),(181,21,28),(182,22,28),(183,23,28),(185,24,1),(186,24,2),(187,24,3),(188,24,4),(189,24,21),(190,24,6),(191,24,7),(192,24,8),(193,24,24),(194,24,25),(195,24,26),(196,24,27),(197,24,28),(200,10,29),(201,4,29),(202,24,31),(203,4,32),(204,25,1),(205,25,24),(206,20,29),(207,26,1),(208,26,2),(209,26,3),(210,26,4),(211,26,24),(212,26,25),(213,26,26),(214,26,27),(215,26,28),(222,27,1),(223,27,2),(224,27,3),(225,27,4),(226,27,24),(227,27,25),(228,27,26),(229,27,27),(230,27,28),(237,27,33),(238,28,1),(239,28,24),(240,29,1),(242,29,13),(243,29,4),(246,29,14),(249,29,24),(250,29,25),(251,29,26),(252,29,27),(253,29,28),(255,30,1),(256,30,18),(258,30,4),(259,30,12),(264,30,24),(265,30,25),(266,30,26),(267,30,27),(268,30,28),(270,31,1),(271,31,18),(273,31,4),(274,31,12),(279,31,24),(280,31,25),(281,31,26),(282,31,27),(283,31,28),(285,32,1),(288,32,4),(292,32,19),(293,32,16),(294,32,24),(295,32,25),(296,32,26),(297,32,27),(298,32,28),(300,29,2),(301,29,3),(302,7,29),(303,33,1),(304,33,2),(305,33,3),(306,33,4),(307,33,24),(308,33,25),(309,33,26),(310,33,27),(311,33,28),(312,33,29),(318,32,29),(320,13,1),(321,8,29),(322,31,29),(323,30,29),(324,35,1),(325,35,2),(326,35,3),(327,35,4),(329,35,24),(330,35,25),(331,35,26),(332,35,27),(333,35,28),(339,35,30),(340,35,29),(341,36,1),(342,36,24),(343,36,25),(344,36,26),(345,36,27),(346,36,28),(347,36,29),(348,37,1),(349,37,24),(350,37,25),(351,37,26),(352,37,27),(353,37,28),(354,37,29),(355,4,34),(356,10,35),(357,11,29),(358,16,36),(359,38,37),(360,38,38),(361,38,39),(362,38,40),(363,38,41),(364,38,42),(365,38,43),(366,38,44),(367,38,45),(368,38,46),(369,38,47),(370,38,48),(371,38,49),(372,38,50),(373,38,51),(374,38,52),(375,38,53),(376,38,54),(377,38,55),(378,38,56),(379,38,57),(380,38,58),(381,38,59),(382,38,60),(383,38,61),(384,38,62),(385,38,63),(386,38,64),(387,38,65),(388,38,66),(389,38,67),(390,38,68),(391,38,69),(392,38,70),(393,38,71),(394,38,72),(395,38,73),(396,8,74);
/*!40000 ALTER TABLE `seccionoperaciones` ENABLE KEYS */;
UNLOCK TABLES;

--
-- Table structure for table `userclaims`
--

DROP TABLE IF EXISTS `userclaims`;
/*!40101 SET @saved_cs_client     = @@character_set_client */;
/*!40101 SET character_set_client = utf8 */;
CREATE TABLE `userclaims` (
  `Id` int(32) NOT NULL AUTO_INCREMENT,
  `UserId` varchar(128) NOT NULL,
  `ClaimType` longtext,
  `ClaimValue` longtext,
  `Activo` bit(1) NOT NULL DEFAULT b'0',
  PRIMARY KEY (`Id`),
  UNIQUE KEY `Id` (`Id`),
  KEY `UserId` (`UserId`),
  CONSTRAINT `ApplicationUser_Claims` FOREIGN KEY (`UserId`) REFERENCES `users` (`Id`) ON DELETE CASCADE
) ENGINE=InnoDB AUTO_INCREMENT=11 DEFAULT CHARSET=utf8;
/*!40101 SET character_set_client = @saved_cs_client */;

--
-- Dumping data for table `userclaims`
--

LOCK TABLES `userclaims` WRITE;
/*!40000 ALTER TABLE `userclaims` DISABLE KEYS */;
INSERT INTO `userclaims` VALUES (10,'a55cd251-d6bb-4039-a91b-83f24e40d644','Seccion','{Nombre:\'*\', Operaciones:[]}','');
/*!40000 ALTER TABLE `userclaims` ENABLE KEYS */;
UNLOCK TABLES;

--
-- Table structure for table `userlogins`
--

DROP TABLE IF EXISTS `userlogins`;
/*!40101 SET @saved_cs_client     = @@character_set_client */;
/*!40101 SET character_set_client = utf8 */;
CREATE TABLE `userlogins` (
  `LoginProvider` varchar(128) NOT NULL,
  `ProviderKey` varchar(128) NOT NULL,
  `UserId` varchar(128) NOT NULL,
  PRIMARY KEY (`LoginProvider`,`ProviderKey`,`UserId`),
  KEY `ApplicationUser_Logins` (`UserId`),
  CONSTRAINT `ApplicationUser_Logins` FOREIGN KEY (`UserId`) REFERENCES `users` (`Id`) ON DELETE CASCADE
) ENGINE=InnoDB DEFAULT CHARSET=utf8;
/*!40101 SET character_set_client = @saved_cs_client */;

--
-- Dumping data for table `userlogins`
--

LOCK TABLES `userlogins` WRITE;
/*!40000 ALTER TABLE `userlogins` DISABLE KEYS */;
/*!40000 ALTER TABLE `userlogins` ENABLE KEYS */;
UNLOCK TABLES;

--
-- Table structure for table `userroles`
--

DROP TABLE IF EXISTS `userroles`;
/*!40101 SET @saved_cs_client     = @@character_set_client */;
/*!40101 SET character_set_client = utf8 */;
CREATE TABLE `userroles` (
  `UserId` varchar(128) NOT NULL,
  `RoleId` int(32) NOT NULL,
  `Activo` bit(1) NOT NULL DEFAULT b'0',
  PRIMARY KEY (`UserId`,`RoleId`),
  KEY `IdentityRole_Users` (`RoleId`),
  CONSTRAINT `ApplicationUser_Roles` FOREIGN KEY (`UserId`) REFERENCES `users` (`Id`) ON DELETE CASCADE,
  CONSTRAINT `IdentityRole_Users` FOREIGN KEY (`RoleId`) REFERENCES `roles` (`Id`) ON DELETE CASCADE
) ENGINE=InnoDB DEFAULT CHARSET=utf8;
/*!40101 SET character_set_client = @saved_cs_client */;

--
-- Dumping data for table `userroles`
--

LOCK TABLES `userroles` WRITE;
/*!40000 ALTER TABLE `userroles` DISABLE KEYS */;
INSERT INTO `userroles` VALUES ('22587ede-b7fd-4308-b82d-f6cfd92ae338',11,''),('22587ede-b7fd-4308-b82d-f6cfd92ae338',17,''),('4b22f58d-e27f-469e-b783-c6d1f93dd7e6',18,''),('4b22f58d-e27f-469e-b783-c6d1f93dd7e6',19,''),('4b22f58d-e27f-469e-b783-c6d1f93dd7e6',21,''),('4b22f58d-e27f-469e-b783-c6d1f93dd7e6',22,''),('4b22f58d-e27f-469e-b783-c6d1f93dd7e6',25,''),('4b22f58d-e27f-469e-b783-c6d1f93dd7e6',26,''),('4b22f58d-e27f-469e-b783-c6d1f93dd7e6',27,''),('4b22f58d-e27f-469e-b783-c6d1f93dd7e6',34,'');
/*!40000 ALTER TABLE `userroles` ENABLE KEYS */;
UNLOCK TABLES;

--
-- Table structure for table `users`
--

DROP TABLE IF EXISTS `users`;
/*!40101 SET @saved_cs_client     = @@character_set_client */;
/*!40101 SET character_set_client = utf8 */;
CREATE TABLE `users` (
  `Id` varchar(128) NOT NULL,
  `Email` varchar(256) DEFAULT NULL,
  `EmailConfirmed` tinyint(1) NOT NULL,
  `PasswordHash` longtext,
  `SecurityStamp` longtext,
  `PhoneNumber` longtext,
  `PhoneNumberConfirmed` tinyint(1) NOT NULL,
  `TwoFactorEnabled` tinyint(1) NOT NULL,
  `LockoutEndDateUtc` datetime DEFAULT NULL,
  `LockoutEnabled` tinyint(1) NOT NULL,
  `AccessFailedCount` int(32) NOT NULL,
  `UserName` varchar(256) NOT NULL,
  `Nombre` varchar(200) DEFAULT NULL,
  `Apellido` varchar(200) DEFAULT NULL,
  `Cedula` varchar(11) DEFAULT NULL,
  `LocalidadId` int(32) NOT NULL,
  `Activo` int(32) NOT NULL,
  `CajaId` int(32) DEFAULT NULL,
  `TiempoAperturaCajaHoras` int(32) DEFAULT NULL,
  `AlmacenId` int(32) DEFAULT NULL,
  `userscol` varchar(45) DEFAULT NULL,
  PRIMARY KEY (`Id`)
) ENGINE=InnoDB DEFAULT CHARSET=utf8;
/*!40101 SET character_set_client = @saved_cs_client */;

--
-- Dumping data for table `users`
--

LOCK TABLES `users` WRITE;
/*!40000 ALTER TABLE `users` DISABLE KEYS */;
INSERT INTO `users` VALUES ('22587ede-b7fd-4308-b82d-f6cfd92ae338','perez@machete.com',0,'AFYGQOYEw+04VI3jJkDnMIK4SGse2kVAy3hBT7be5uXJih/dokvMd0+kWt5d92ej6Q==','12eba31f-e7aa-4079-a234-523c33a168ee',NULL,0,0,'2019-01-07 16:48:11',0,0,'jperez','juan','perez','00000000000',4,0,NULL,NULL,20,NULL),('4b22f58d-e27f-469e-b783-c6d1f93dd7e6','cjimenez@gmail.com',0,'AGcE+7MNNEMRjCGfTjb+IySyeZNT+03a6DI5j9RdPjCASfSgp+TkB5ISL0GaL1e+2w==','045c3c7d-8c8b-4241-a54a-64bd92e565d1',NULL,0,0,'0001-01-01 00:00:00',0,0,'cjimenez','carlos','jimenez','112345',4,1,1,8,20,NULL),('6c26b080-06b6-4161-b5e5-8fecd1b996b0','pepe@pepe.com',0,'AFQO2CI+3OA8h7Y9w0LAF2N5KDJ+52RTES55F+o+ol7u4IGmeNvLJdw5EEzGF+yrLQ==','6f7270ac-6506-4afa-816e-269b8c453bc4',NULL,0,0,'0001-01-01 00:00:00',0,0,'pepe','pepe','pepe','233',2,0,NULL,NULL,0,NULL),('791eb1fb-d743-40fc-a757-e6b3b5dcfe91','njimenez@mardom.com',0,'APsAB1s3Kx5hanF3yZPCU5pM5XIEHfI22V8D0SXVSEQ2ugpXwtcgBcdGwkLumVVW5Q==','0b20b3a9-7b2c-449e-8544-f8df8a13524d',NULL,0,0,'2017-02-08 13:43:36',0,0,'njimenez@mardom.com','Eduardo','Perez','00000000',1,0,NULL,NULL,0,NULL),('a55cd251-d6bb-4039-a91b-83f24e40d644','admin@gmail.com',0,'AASBu2f8x89DLRH8w0Zj+WhCt+4AeTrHn3/1Q7+jYtsYoKzltVuQGs8tqyXb7fKKFQ==','dfeb3224-a5fa-4061-8ea8-466d71b4c83d','',0,0,'2018-03-27 10:51:37',0,0,'admin','Administrador','ss','00000000000',4,1,NULL,NULL,20,NULL),('e4addb73-c0ea-4d43-a118-8067ff0916d7','njimenez@mardom.com',0,'ADVc4B2E2Y6/8Ga7AybxZxTVPaXzlfhfhFfmB3CfMpPOQI4VM/A44lMNfYMz94rUWg==','4fd414f2-4f7d-4325-a2dd-dbbd4cc98e1f',NULL,0,0,'2017-05-22 15:26:25',0,0,'njimenez','Noel','Jimenez','00123456783',3,0,NULL,NULL,0,NULL);
/*!40000 ALTER TABLE `users` ENABLE KEYS */;
UNLOCK TABLES;
/*!40103 SET TIME_ZONE=@OLD_TIME_ZONE */;

/*!40101 SET SQL_MODE=@OLD_SQL_MODE */;
/*!40014 SET FOREIGN_KEY_CHECKS=@OLD_FOREIGN_KEY_CHECKS */;
/*!40014 SET UNIQUE_CHECKS=@OLD_UNIQUE_CHECKS */;
/*!40101 SET CHARACTER_SET_CLIENT=@OLD_CHARACTER_SET_CLIENT */;
/*!40101 SET CHARACTER_SET_RESULTS=@OLD_CHARACTER_SET_RESULTS */;
/*!40101 SET COLLATION_CONNECTION=@OLD_COLLATION_CONNECTION */;
/*!40111 SET SQL_NOTES=@OLD_SQL_NOTES */;

-- Dump completed on 2019-01-17 12:30:50
